0.6117677500,-1.0199277890,-2.4933027210,-0.5293517430,1.5418504220,0.4083933780,0.1418646700,0.1168521470,0.0000000000
0.5249080380,-1.0552121660,-2.4785388510,-0.5108922150,1.6347699640,0.4122244900,0.1362273590,0.1168521470,0.6704916880
0.4434372410,-1.0939698900,-2.4589358570,-0.5041441950,1.7235176420,0.4164020120,0.1308417300,0.1168521470,1.3116939851
0.3690111110,-1.1348442810,-2.4348725660,-0.5089242840,1.8060744530,0.4209094570,0.1257290370,0.1168521470,1.9164146423
0.3025012640,-1.1767981120,-2.4067291910,-0.5246333020,1.8811976040,0.4257290370,0.1209094570,0.1168521470,2.4835564743
0.2667496580,-1.1742329970,-2.4603658980,-0.4365131210,1.9221683510,0.4212471500,0.1161367320,0.1113961220,3.0667678831
0.3397575560,-1.1266496330,-2.4916004410,-0.4184201270,1.8389516540,0.4161367320,0.1212471500,0.1113961220,3.6957015336
0.4230086370,-1.0790009330,-2.5184941610,-0.4137017940,1.7460325290,0.4113572850,0.1266683690,0.1113961220,4.3772556351
0.3080065950,-1.1283914800,-2.5470776300,-0.3201629520,1.8749303990,0.4115637240,0.1169528090,0.1056271830,5.4000714341
0.2287176920,-1.1815978450,-2.5124602610,-0.3414022040,1.9662519010,0.4169528090,0.1115637240,0.1056271830,6.0912069528
0.1886297340,-1.2010504680,-2.5626746040,-0.2374509300,2.0133303370,0.4128562420,0.1072013230,0.0995590690,6.7531959191
0.1468274730,-1.2351961940,-2.6105279270,-0.1224126550,2.0631659450,0.4089672040,0.1030599180,0.0932062300,7.4763952812
-0.0154071130,-1.4088442960,-2.6419826200,0.0710605460,2.2659324380,0.4086048530,0.0895222450,0.0797075360,9.3203668924
0.0292043310,-1.3412600110,-2.6051674340,-0.0577482970,2.2083999690,0.4118142980,0.0934017980,0.0865837950,10.1542565353
0.0740195550,-1.2906652310,-2.5643604890,-0.1742365440,2.1520787550,0.4152337540,0.0975352100,0.0932062300,10.9121324100
0.1184285800,-1.2550879790,-2.5203850670,-0.2800743970,2.0975020670,0.4188550770,0.1019126380,0.0995590690,11.6076898502
0.0613468330,-1.3053662310,-2.4746214860,-0.3368133000,2.1678695630,0.4251741550,0.0970110590,0.0995590690,12.2411608720
0.0160823350,-1.3408233530,-2.5149266350,-0.2419878420,2.2251588300,0.4218348380,0.0924148850,0.0932062300,12.8969907835
-0.0288534440,-1.3887807410,-2.5521175710,-0.1392514870,2.2836025690,0.4186816690,0.0880749190,0.0865837950,13.5982883360
-0.0728865820,-1.4504082220,-2.5855416610,-0.0275184390,2.3427087660,0.4157221560,0.0840014990,0.0797075360,14.3537989247
-0.1154521660,-1.5265516480,-2.6143852300,0.0940197740,2.4019732930,0.4129633460,0.0802043230,0.0725938270,15.1711945315
-0.1560174650,-1.6174230550,-2.6376635110,0.2256199330,2.4608952510,0.4104118110,0.0766924360,0.0652596100,16.0548719817
-0.2312845530,-1.7217500070,-2.5910201370,0.1839495130,2.5790996500,0.4161996420,0.0679517660,0.0577223510,16.9826860207
-0.1954892390,-1.6324707870,-2.5748098160,0.0689326670,2.5211648980,0.4183311390,0.0713104670,0.0652596100,17.7904633490
-0.1570157560,-1.5541820700,-2.5531261600,-0.0390057760,2.4623821190,0.4206571260,0.0749756360,0.0725938270,18.5518048562
-0.1162312230,-1.4872880580,-2.5267480770,-0.1399280800,2.4030821180,0.4231720650,0.0789385460,0.0797075360,19.2683205888
-0.0735592050,-1.4317116310,-2.4963529300,-0.2341762460,2.3436292970,0.4258699660,0.0831897580,0.0865837950,19.9437993086
-0.0294706360,-1.3870313890,-2.4625181980,-0.3223079380,2.2844191180,0.4287444050,0.0877191480,0.0932062300,20.5832904240
0.0155306590,-1.3526097260,-2.4257275230,-0.4050094390,2.2258677490,0.4317885350,0.0925159310,0.0995590690,21.1922100057
-0.0207124840,-1.3975809150,-2.3739534320,-0.4822258280,2.2728888870,0.4386721160,0.0884449930,0.0995590690,21.7878165852
-0.0647585110,-1.4305218240,-2.4073127400,-0.4122339790,2.3316481680,0.4359351840,0.0834665330,0.0932062300,22.3465989991
-0.1074520410,-1.4717815260,-2.4379156070,-0.3390730550,2.3906567650,0.4333508210,0.0787655930,0.0865837950,22.9231441253
-0.1483697140,-1.5216268190,-2.4654252930,-0.2623940780,2.4495806740,0.4309251790,0.0743533670,0.0797075360,23.5203728207
-0.1871324230,-1.5801752220,-2.4894616650,-0.1819133440,2.5081258630,0.4286640360,0.0702403630,0.0725938270,24.1411162859
-0.2234126800,-1.6473508390,-2.5096020000,-0.0974223870,2.5660449100,0.4265727760,0.0664363760,0.0652596100,24.7877961039
-0.2569374210,-1.7228506270,-2.5253815250,-0.0087632770,2.6231380720,0.4246563800,0.0629504650,0.0577223510,25.4622067094
-0.2737028640,-1.7277019670,-2.4560540110,-0.2071944410,2.6533647970,0.4334104650,0.0584900360,0.0577223510,26.5275646484
-0.2423396420,-1.6641076620,-2.4412603010,-0.2694589780,2.5977891780,0.4351041970,0.0620894000,0.0652596100,27.0801101934
-0.2082178900,-1.6064568630,-2.4229634300,-0.3309412510,2.5413669700,0.4369524760,0.0660171920,0.0725938270,27.6229319764
-0.1715362600,-1.5551391220,-2.4014007530,-0.3914462810,2.4842097710,0.4389509000,0.0702640580,0.0797075360,28.1561253187
-0.1325421720,-1.5104014300,-2.3768130410,-0.4508468980,2.4264803510,0.4410947090,0.0748198840,0.0865837950,28.6802358700
-0.0915329300,-1.4723560310,-2.3494365830,-0.5090973030,2.3683926870,0.4433787990,0.0796738220,0.0932062300,29.1961323509
-0.0488534110,-1.4409970160,-2.3194966690,-0.5662282110,2.3102085540,0.4457977290,0.0848143110,0.0995590690,29.7048233572
-0.0701376680,-1.4834798480,-2.2625344220,-0.6549814090,2.3389704140,0.4531372540,0.0816382150,0.0995590690,30.3007865049
-0.1112216250,-1.5133985360,-2.2890124140,-0.6104843940,2.3959879280,0.4510458710,0.0763559840,0.0932062300,30.7621725884
-0.1504149250,-1.5486743020,-2.3130837050,-0.5666794660,2.4526057640,0.4490710700,0.0713682050,0.0865837950,31.2227258577
-0.1874436220,-1.5891414960,-2.3345934810,-0.5238280010,2.5086172400,0.4472175530,0.0666867570,0.0797075360,31.6822071454
-0.2220799860,-1.6345316940,-2.3533893000,-0.4823188120,2.5638621540,0.4454897360,0.0623227890,0.0725938270,32.1401439285
-0.2541415050,-1.6844613170,-2.3693275150,-0.4427016850,2.6182265510,0.4438917330,0.0582866940,0.0652596100,32.5956639435
-0.2834875650,-1.7384197030,-2.3822807250,-0.4057321170,2.6716398690,0.4424273490,0.0545880820,0.0577223510,33.0473335076
-0.2876970780,-1.7563667590,-2.3040045560,-0.5985717230,2.6796662170,0.4516714450,0.0512600020,0.0577223510,34.0927821118
-0.2602158110,-1.7095236040,-2.2937696970,-0.6127531740,2.6289638830,0.4529007020,0.0550432650,0.0652596100,34.4744263758
-0.2300901360,-1.6653978130,-2.2807474580,-0.6325076100,2.5771229660,0.4542421230,0.0591717360,0.0725938270,34.8650009158
-0.1974156960,-1.6245408140,-2.2650619640,-0.6565808540,2.5242119680,0.4556925150,0.0636355830,0.0797075360,35.2638129926
-0.1623231350,-1.5873943950,-2.2468350550,-0.6840534970,2.4703268120,0.4572484230,0.0684241760,0.0865837950,35.6700740123
-0.1249825130,-1.5543038010,-2.2261888770,-0.7142472110,2.4155980370,0.4589061430,0.0735261120,0.0932062300,36.0830653350
-0.0856062670,-1.5255280620,-2.2032455220,-0.7466629980,2.3601950640,0.4606617250,0.0789292390,0.0995590690,36.5021477287
-0.0444500630,-1.5012488560,-2.1781254660,-0.7809376390,2.3043275050,0.4625109900,0.0846206910,0.1056271830,36.9267141354
-0.0018109510,-1.4815784570,-2.1509457310,-0.8168110020,2.2482433000,0.4644495330,0.0905869140,0.1113961220,37.3561350445
0.0419775730,-1.4665669790,-2.1218181940,-0.8541003290,2.1922235520,0.4664727390,0.0968136990,0.1168521470,37.7897217945
0.0272997150,-1.5066695600,-2.0715120660,-0.9192845340,2.2108452600,0.4730180180,0.0949121200,0.1168521470,38.2627469425
-0.0153362250,-1.5229349030,-2.0969006990,-0.8903954170,2.2658609540,0.4713897890,0.0885705830,0.1113961220,38.6685878939
-0.0565709670,-1.5432548840,-2.1203695530,-0.8637659540,2.3205938470,0.4698296930,0.0824944110,0.1056271830,39.0676120335
-0.0961242310,-1.5675075070,-2.1418209080,-0.8396864220,2.3747953220,0.4683414460,0.0766980740,0.0995590690,39.4590974994
-0.1337547600,-1.5955187520,-2.1611514760,-0.8185383560,2.4282505940,0.4669285930,0.0711953740,0.0932062300,39.8424727796
-0.1692620790,-1.6270593110,-2.1782519560,-0.8008225770,2.4807799120,0.4655944980,0.0659994180,0.0865837950,40.2173454599
-0.2024857950,-1.6618411070,-2.1930055140,-0.7871958720,2.5322366740,0.4643423380,0.0611225770,0.0797075360,40.5835674402
-0.2333029480,-1.6995136110,-2.2052841820,-0.7785208670,2.5825025830,0.4631750960,0.0565764680,0.0725938270,40.9413941261
-0.2616240150,-1.7396600760,-2.2149414190,-0.7759366700,2.6314797990,0.4620955500,0.0523719150,0.0652596100,41.2918413217
-0.2873881050,-1.7817941510,-2.2217976720,-0.7809626000,2.6790796800,0.4611062720,0.0485189320,0.0577223510,41.6374236367
-0.2833691290,-1.8139749160,-2.1365767990,-0.9499522590,2.6714323350,0.4706945950,0.0463756880,0.0577223510,42.5982870210
-0.2591849080,-1.7745773700,-2.1334372780,-0.9297231630,2.6271428580,0.4714399900,0.0502831850,0.0652596100,42.9343552383
-0.2325400790,-1.7368652210,-2.1274069100,-0.9181598040,2.5812291350,0.4722533990,0.0545472260,0.0725938270,43.2664056736
-0.2034687090,-1.7011960740,-2.1187263420,-0.9137388390,2.5338045230,0.4731328860,0.0591576570,0.0797075360,43.6003751190
-0.1720278690,-1.6679064950,-2.1075801750,-0.9152759240,2.4849766720,0.4740763560,0.0641034980,0.0865837950,43.9397672665
-0.1383023980,-1.6373029020,-2.0941173880,-0.9218457210,2.4348609000,0.4750815610,0.0693729700,0.0932062300,44.2865376072
-0.1024093260,-1.6096569940,-2.0784638930,-0.9327224170,2.3835902420,0.4761461090,0.0749535250,0.0995590690,44.6416651773
-0.0645015360,-1.5852035010,-2.0607301330,-0.9473351930,2.3313227110,0.4772674640,0.0808318730,0.1056271830,45.0054950869
-0.0247701250,-1.5641391460,-2.0410156030,-0.9652343160,2.2782459200,0.4784429550,0.0869940140,0.1113961220,45.3779356564
0.0165550410,-1.5466222070,-2.0194114700,-0.9860647230,2.2245789820,0.4796697840,0.0934252740,0.1168521470,45.7585731857
0.0092964840,-1.5864747410,-1.9656933240,-1.0537004040,2.2339088440,0.4864017830,0.0923590300,0.1168521470,46.2378482110
-0.0306192800,-1.6052804340,-1.9834750960,-1.0404804580,2.2859678010,0.4855811980,0.0858634270,0.1113961220,46.5965965802
-0.0687986580,-1.6272138740,-1.9994013820,-1.0306899440,2.3371675590,0.4847949500,0.0796396360,0.1056271830,46.9469412913
-0.1050578800,-1.6521058590,-2.0133831290,-1.0247095200,2.3873155460,0.4840449120,0.0737024770,0.0995590690,47.2890091727
-0.1392498810,-1.6797630660,-2.0253197810,-1.0230084140,2.4362469020,0.4833328710,0.0680660910,0.0932062300,47.6234366332
-0.1712621710,-1.7099714130,-2.0350952340,-1.0261658640,2.4838204690,0.4826605220,0.0627438990,0.0865837950,47.9515411969
-0.2010134800,-1.7425006940,-2.0425717400,-1.0348971730,2.5299125620,0.4820294660,0.0577485770,0.0797075360,48.2755747386
-0.2284496380,-1.7771113550,-2.0475808280,-1.0500854160,2.5744086100,0.4814412060,0.0530920210,0.0725938270,48.5990833395
-0.2535391060,-1.8135648760,-2.0499100210,-1.0728194670,2.6171925950,0.4808971430,0.0487853190,0.0652596100,48.9273771175
-0.2762684970,-1.8516400780,-2.0492838020,-1.1044376510,2.6581339280,0.4803985730,0.0448387280,0.0577223510,49.2680617473
-0.2665814860,-1.8934176700,-1.9606741170,-1.2447444200,2.6404022770,0.4901799090,0.0439141200,0.0577223510,50.1296196752
-0.2451943380,-1.8557588240,-1.9649294750,-1.2049822360,2.6027152730,0.4904296870,0.0478842280,0.0652596100,50.4794427877
-0.2215487610,-1.8197475790,-1.9662381900,-1.1737358310,2.5630174160,0.4907022560,0.0522165940,0.0725938270,50.8114779322
-0.1956422300,-1.7854962850,-1.9648775670,-1.1499415870,2.5214443010,0.4909969680,0.0569008990,0.0797075360,51.1332169850
-0.1674862500,-1.7531551720,-1.9610683920,-1.1326886240,2.4781139070,0.4913131190,0.0619259880,0.0865837950,51.4505655469
-0.1371104320,-1.7228956960,-1.9549881940,-1.1212065900,2.4331377840,0.4916499590,0.0672798950,0.0932062300,51.7679763123
-0.1045667700,-1.6948985200,-1.9467819300,-1.1148491310,2.3866307670,0.4920066830,0.0729498680,0.0995590690,52.0886628604
-0.0699338540,-1.6693447750,-1.9365701850,-1.1130766500,2.3387192720,0.4923824430,0.0789224070,0.1056271830,52.4148286745
-0.0333207350,-1.6464095100,-1.9244552630,-1.1154400070,2.2895480940,0.4927763450,0.0851832860,0.1113961220,52.7478717798
0.0051299690,-1.6262565970,-1.9105256450,-1.1215657270,2.2392855970,0.4931874490,0.0917175960,0.1168521470,53.0885502884
0.0037096700,-1.6659785930,-1.8540659070,-1.1891478910,2.2411253920,0.5000000000,0.0915035030,0.1168521470,53.5717244280
-0.0332510210,-1.6875457280,-1.8641202560,-1.1895670800,2.2894614250,0.5000000000,0.0849562730,0.1113961220,53.8984074445
-0.0683069540,-1.7116097490,-1.8724098270,-1.1939324000,2.3365096550,0.5000000000,0.0786830150,0.1056271830,54.2189267301
-0.1013516200,-1.7380210270,-1.8788472690,-1.2025855820,2.3821243170,0.5000000000,0.0726986680,0.0995590690,54.5346212487
-0.1323083930,-1.7666290410,-1.8833304640,-1.2159276800,2.4261793500,0.5000000000,0.0670174840,0.0932062300,54.8474988929
-0.1611268870,-1.7972879900,-1.8857385290,-1.2344272960,2.4685628190,0.5000000000,0.0616529920,0.0865837950,55.1603434935
-0.1877789380,-1.8298635470,-1.8859268380,-1.2586279650,2.5091702900,0.5000000000,0.0566179670,0.0797075360,55.4768151856
-0.2122545170,-1.8642412220,-1.8837210440,-1.2891534160,2.5478973840,0.5000000000,0.0519244000,0.0725938270,55.8015202442
-0.2345577850,-1.9003367760,-1.8789103240,-1.3267083700,2.5846316640,0.5000000000,0.0475834690,0.0652596100,56.1400187562
-0.2547034660,-1.9381090290,-1.8712405980,-1.3720710710,2.6192440420,0.5000000000,0.0436055110,0.0577223510,56.4987389678
-0.2409536940,-1.9847961220,-1.7812270390,-1.4880200440,2.5954637090,0.5098200910,0.0439141200,0.0577223510,57.2810568422
-0.2219595230,-1.9466201370,-1.7920970190,-1.4389300770,2.5637005000,0.5095703130,0.0478842280,0.0652596100,57.6469484633
-0.2009066150,-1.9101171850,-1.8002577580,-1.3967907700,2.5297582460,0.5092977440,0.0522165940,0.0725938270,57.9922775057
-0.1777709510,-1.8752897750,-1.8059271060,-1.3610748020,2.4937513130,0.5090030320,0.0569008990,0.0797075360,58.3221440900
-0.1525361770,-1.8421795070,-1.8092938200,-1.3312743630,2.4557803790,0.5086868810,0.0619259880,0.0865837950,58.6412943846
-0.1251967830,-1.8108592090,-1.8105192990,-1.3069173060,2.4159385530,0.5083500410,0.0672798950,0.0932062300,58.9539660437
-0.0957616460,-1.7814255680,-1.8097406630,-1.2875751620,2.3743176880,0.5079933170,0.0729498680,0.0995590690,59.2637961473
-0.0642578470,-1.7539925550,-1.8070742270,-1.2728657660,2.3310146340,0.5076175570,0.0789224070,0.1056271830,59.5737836572
-0.0307346210,-1.7286856330,-1.8026188980,-1.2624524420,2.2861372100,0.5072236550,0.0851832860,0.1113961220,59.8862943546
0.0047327920,-1.7056366190,-1.7964592040,-1.2560411160,2.2398096560,0.5068125510,0.0917175960,0.1168521470,60.2030941187
0.0079344120,-1.7452160880,-1.7378366060,-1.3219372520,2.2356857080,0.5135982170,0.0923590300,0.1168521470,60.6871576843
-0.0260515450,-1.7698114590,-1.7400818660,-1.3338080830,2.2799616590,0.5144188020,0.0858634270,0.1113961220,60.9980553847
-0.0580763850,-1.7964608940,-1.7406935370,-1.3496326930,2.3226574800,0.5152050500,0.0796396360,0.1056271830,61.3066614571
-0.0880916650,-1.8250505350,-1.7395919020,-1.3696494850,2.3636696680,0.5159550880,0.0737024770,0.0995590690,61.6149701390
-0.1160711000,-1.8554773110,-1.7366842300,-1.3941245280,2.4029084660,0.5166671290,0.0680660910,0.0932062300,61.9254457031
-0.1420067330,-1.8876530420,-1.7318628220,-1.4233508230,2.4402928490,0.5173394780,0.0627438990,0.0865837950,62.2409987537
-0.1659052090,-1.9215087080,-1.7250031820,-1.4576451380,2.4757454010,0.5179705340,0.0577485770,0.0797075360,62.5649347590
-0.1877842980,-1.9569988270,-1.7159626330,-1.4973413970,2.5091873060,0.5185587940,0.0530920210,0.0725938270,62.9008710847
-0.2076697710,-1.9941057190,-1.7045799100,-1.5427793520,2.5405336450,0.5191028570,0.0487853190,0.0652596100,63.2526210164
-0.2255926640,-2.0328431840,-1.6906764930,-1.5942870120,2.5696892640,0.5196014270,0.0448387280,0.0577223510,63.6240444758
-0.2088349530,-2.0818540230,-1.5994795940,-1.6924917670,2.5424036620,0.5293054050,0.0463756880,0.0577223510,64.3552837593
-0.1919117550,-2.0424577420,-1.6163205350,-1.6394344830,2.5156171210,0.5285600100,0.0502831850,0.0652596100,64.7312715598
-0.1731190580,-2.0046184090,-1.6308462290,-1.5916138890,2.4866637030,0.5277466010,0.0545472260,0.0725938270,65.0890803772
-0.1524206100,-1.9683188510,-1.6431989710,-1.5488493350,2.4556179080,0.5268671140,0.0591576570,0.0797075360,65.4315465201
-0.1297834410,-1.9335655110,-1.6535122480,-1.5109338350,2.4225470780,0.5259236440,0.0641034980,0.0865837950,65.7616171444
-0.1051801830,-1.9003876150,-1.6619080120,-1.4776493930,2.3875141250,0.5249184390,0.0693729700,0.0932062300,66.0822315474
-0.0785917930,-1.8688353450,-1.6684955280,-1.4487782380,2.3505809360,0.5238538910,0.0749535250,0.0995590690,66.3962175197
-0.0500106380,-1.8389774610,-1.6733713080,-1.4241105970,2.3118122900,0.5227325360,0.0808318730,0.1056271830,66.7062033788
-0.0194439190,-1.8108985850,-1.6766197180,-1.4034496470,2.2712801180,0.5215570450,0.0869940140,0.1113961220,67.0145470012
0.0130826680,-1.7846963280,-1.6783139600,-1.3866142730,2.2290679310,0.5203302160,0.0934252740,0.1168521470,67.3232825732
0.0199744070,-1.8240544380,-1.6179912060,-1.4499238120,2.2202393580,0.5269819820,0.0949121200,0.1168521470,67.8060204154
-0.0111216510,-1.8519215130,-1.6123217630,-1.4712784760,2.2603997300,0.5286102110,0.0885705830,0.1113961220,68.1160429319
-0.0402737240,-1.8815081080,-1.6051830050,-1.4962732770,2.2988077740,0.5301703070,0.0824944110,0.1056271830,68.4273341842
-0.0674752630,-1.9127304300,-1.5965093030,-1.5250350720,2.3353991010,0.5316585540,0.0766980740,0.0995590690,68.7418241000
-0.0927348100,-1.9455183020,-1.5862257870,-1.5576977830,2.3701191160,0.5330714070,0.0711953740,0.0932062300,69.0616354544
-0.1160726020,-1.9798169110,-1.5742480910,-1.5943988640,2.4029191940,0.5344055020,0.0659994180,0.0865837950,69.3890238621
-0.1375175070,-2.0155881850,-1.5604825460,-1.6352740440,2.4337531990,0.5356576620,0.0611225770,0.0797075360,69.7263098842
-0.1571043140,-2.0528116890,-1.5448270670,-1.6804500680,2.4625744550,0.5368249040,0.0565764680,0.0725938270,70.0758046704
-0.1748714150,-2.0914848190,-1.5271729600,-1.7300351980,2.4893332870,0.5379044500,0.0523719150,0.0652596100,70.4397300942
-0.1908588490,-2.1316220380,-1.5074079580,-1.7841073610,2.5139752190,0.5388937280,0.0485189320,0.0577223510,70.8201336077
-0.1718136710,-2.1820897370,-1.4141286530,-1.8704484580,2.4846837850,0.5483285550,0.0512600020,0.0577223510,71.5258869166
-0.1567048230,-2.1411164340,-1.4368950060,-1.8156466450,2.4619813450,0.5470992980,0.0550432650,0.0652596100,71.9113747623
-0.1399028550,-2.1015072790,-1.4577389220,-1.7646793020,2.4372302040,0.5457578770,0.0591717360,0.0725938270,72.2820481076
-0.1213650790,-2.0632522260,-1.4767500660,-1.7175359540,2.4104666360,0.5443074850,0.0636355830,0.0797075360,72.6393751863
-0.1010491160,-2.0263535060,-1.4940171460,-1.6741777370,2.3817237190,0.5427515770,0.0684241760,0.0865837950,72.9850085253
-0.0789145230,-1.9908270960,-1.5096251960,-1.6345458490,2.3510325490,0.5410938570,0.0735261120,0.0932062300,73.3207283379
-0.0549247490,-1.9567034280,-1.5236536920,-1.5985688120,2.3184240420,0.5393382750,0.0789292390,0.0995590690,73.6483864903
-0.0290494590,-1.9240274720,-1.5361753660,-1.5661684630,2.2839312810,0.5374890100,0.0846206910,0.1056271830,73.9698508830
-0.0012672400,-1.8928583220,-1.5472555870,-1.5372646550,2.2475923480,0.5355504670,0.0905869140,0.1113961220,74.2869505152
0.0284313340,-1.8632683620,-1.5569521650,-1.5117787640,2.2094535770,0.5335272610,0.0968136990,0.1168521470,74.6014219427
0.0382966480,-1.9023191990,-1.4952646600,-1.5721416850,2.1969368560,0.5399402250,0.0991225080,0.1168521470,75.0817341094
0.0099601550,-1.9336938030,-1.4814669260,-1.6014319710,2.2330975980,0.5423504200,0.0930350480,0.1113961220,75.4035733624
-0.0164970150,-1.9665226640,-1.4663660340,-1.6338990220,2.2674329350,0.5446597610,0.0872023200,0.1056271830,75.7291028413
-0.0410974850,-2.0007428610,-1.4499113200,-1.6695809240,2.2999133080,0.5468627460,0.0816382150,0.0995590690,76.0598268721
-0.0638730860,-2.0363039800,-1.4320457940,-1.7085143310,2.3305160160,0.5489541290,0.0763559840,0.0932062300,76.3972744281
-0.0848621330,-2.0731682860,-1.4127065370,-1.7507314330,2.3592224720,0.5509289300,0.0713682050,0.0865837950,76.7429573872
-0.1041070950,-2.1113105320,-1.3918254310,-1.7962561740,2.3860158880,0.5527824470,0.0666867570,0.0797075360,77.0983307565
-0.1216526200,-2.1507173430,-1.3693302920,-1.8450997350,2.4108794440,0.5545102640,0.0623227890,0.0725938270,77.4647548055
-0.1375439100,-2.1913861430,-1.3451464630,-1.8972553900,2.4337949320,0.5561082670,0.0582866940,0.0652596100,77.8434589749
-0.1518253950,-2.2333235390,-1.3191988950,-1.9526928890,2.4547418890,0.5575726510,0.0545880820,0.0577223510,78.2355072367
-0.1310010220,-2.2855059500,-1.2220384440,-2.0319228950,2.4243112020,0.5665895350,0.0584900360,0.0577223510,78.9390737284
-0.1175009330,-2.2424251830,-1.2514713690,-1.9757866580,2.4049565160,0.5648958030,0.0620894000,0.0652596100,79.3400220710
-0.1024712280,-2.2005336100,-1.2792531290,-1.9224791100,2.3837207410,0.5630475240,0.0660171920,0.0725938270,79.7287789013
-0.0858664680,-2.1598251580,-1.3054531450,-1.8720509710,2.3606110490,0.5610491000,0.0702640580,0.0797075360,80.1061511321
-0.0676395680,-2.1203014020,-1.3301392230,-1.8245355370,2.3356328010,0.5589052910,0.0748198840,0.0865837950,80.4730768385
-0.0477428640,-2.0819729460,-1.3533763040,-1.7799520960,2.3087902070,0.5566212010,0.0796738220,0.0932062300,80.8306072347
-0.0261294390,-2.0448605110,-1.3752254130,-1.7383092880,2.2800873650,0.5542022710,0.0848143110,0.0995590690,81.1798862468
-0.0027547710,-2.0089957230,-1.3957428400,-1.6996082270,2.2495297290,0.5516542600,0.0902291100,0.1056271830,81.5221275423
0.0224212850,-1.9744216060,-1.4149795550,-1.6638452890,2.2171259870,0.5489832370,0.0959053240,0.1113961220,81.8585887137
0.0494321330,-1.9411928070,-1.4329808310,-1.6310144710,2.1828903860,0.5461955620,0.1018294340,0.1168521470,82.1905421712
0.0892568040,-1.9460285770,-1.3913270280,-1.6549731370,2.1333084190,0.5489899590,0.1108875960,0.1219822640,82.5898170616
0.0617156480,-1.9798808960,-1.3701374320,-1.6884295940,2.1674925630,0.5522685860,0.1049237950,0.1168521470,82.9304555786
0.0359939190,-2.0150457770,-1.3477948460,-1.7246005550,2.1998619700,0.5554227380,0.0991864140,0.1113961220,83.2751831622
0.0120564970,-2.0514655350,-1.3242621320,-1.7634691080,2.2304094670,0.5584449030,0.0936891160,0.1056271830,83.6250796311
-0.0101387090,-2.0890936120,-1.2994962200,-1.8050179360,2.2591345370,0.5613278840,0.0884449930,0.0995590690,83.9812145950
-0.0306383650,-2.1278943860,-1.2734481600,-1.8492279270,2.2860409730,0.5640648160,0.0834665330,0.0932062300,84.3446261039
-0.0494917040,-2.1678428020,-1.2460632570,-1.8960765300,2.3111349240,0.5666491790,0.0787655930,0.0865837950,84.7163032227
-0.0667488680,-2.2089238430,-1.2172812550,-1.9455359450,2.3344233550,0.5690748210,0.0743533670,0.0797075360,85.0971722956
-0.0824595620,-2.2511318540,-1.1870365710,-1.9975712300,2.3559128670,0.5713359640,0.0702403630,0.0725938270,85.4880863853
-0.0966719880,-2.2944697610,-1.1552585060,-2.0521384390,2.3756088690,0.5734272240,0.0664363760,0.0652596100,85.8898178081
-0.1094320040,-2.3389482130,-1.1218713530,-2.1091829560,2.3935150660,0.5753436200,0.0629504650,0.0577223510,86.3030538634
-0.0871969550,-2.3941322010,-1.0176161650,-2.1855618230,2.3624479370,0.5838003580,0.0679517660,0.0577223510,87.0311972557
-0.0751398060,-2.3478880220,-1.0556669770,-2.1272351550,2.3458640310,0.5816688610,0.0713104670,0.0652596100,87.4615688790
-0.0617046300,-2.3027891140,-1.0920373990,-2.0711483650,2.3275830120,0.5793428740,0.0749756360,0.0725938270,87.8804109352
-0.0468456260,-2.2588109900,-1.1268291390,-2.0173430460,2.3075924970,0.5768279350,0.0789385460,0.0797075360,88.2884539355
-0.0305141000,-2.2159393120,-1.1601315020,-1.9658581640,2.2858782760,0.5741300340,0.0831897580,0.0865837950,88.6864472573
-0.0126591140,-2.1741697210,-1.1920233140,-1.9167299720,2.2624247310,0.5712555950,0.0877191480,0.0932062300,89.0751706471
0.0067716830,-2.1335079170,-1.2225741980,-1.8699923970,2.2372155030,0.5682114650,0.0925159310,0.0995590690,89.4554403140
0.0278309730,-2.0939698660,-1.2518454430,-1.8256777200,2.2102344430,0.5650048910,0.0975686820,0.1056271830,89.8281105822
0.0505704150,-2.0555820630,-1.2798906060,-1.7838174020,2.1814668790,0.5616435110,0.1028653690,0.1113961220,90.1940715013
0.0750389670,-2.0183817840,-1.3067559590,-1.7444429550,2.1509012480,0.5581353300,0.1083933780,0.1168521470,90.5542423934
0.1012808390,-1.9824172940,-1.3324808290,-1.7075867590,2.1185311050,0.5544887030,0.1141395430,0.1219822640,90.9095610766
0.1293330630,-1.9477479500,-1.3570978910,-1.6732827640,2.0843575310,0.5507123120,0.1200901820,0.1267742570,91.2609685203
0.1410180280,-1.9815924870,-1.3026121520,-1.7212059050,2.0702490950,0.5556298220,0.1234321190,0.1267742570,91.6716497305
0.1142778640,-2.0185294240,-1.2732934260,-1.7589714120,2.1026492590,0.5597724040,0.1177303430,0.1219822640,92.0395819772
0.0893059330,-2.0567010050,-1.2428423910,-1.7991283830,2.1332559250,0.5637726410,0.1122244900,0.1168521470,92.4123179021
0.0660556610,-2.0960593670,-1.2112187760,-1.8416343180,2.1620816680,0.5676210060,0.1069276700,0.1113961220,92.7907154048
0.0444755980,-2.1365682060,-1.1783735960,-1.8864502530,2.1891448070,0.5713083350,0.1018524980,0.1056271830,93.1756294384
0.0245114930,-2.1782028100,-1.1442482110,-1.9335406150,2.2144673270,0.5748258450,0.0970110590,0.0995590690,93.5679073963
0.0061079990,-2.2209501770,-1.1087730700,-1.9828731580,2.2380731730,0.5781651620,0.0924148850,0.0932062300,93.9683898357
-0.0107899520,-2.2648092750,-1.0718660270,-2.0344190800,2.2599869060,0.5813183310,0.0880749190,0.0865837950,94.3779165387
-0.0262360680,-2.3097915720,-1.0334300040,-2.0881534800,2.2802326560,0.5842778440,0.0840014990,0.0797075360,94.7973385679
-0.0402818560,-2.3559219860,-0.9933497160,-2.1440563520,2.2988333660,0.5870366540,0.0802043230,0.0725938270,95.2275375408
-0.0529759880,-2.4032404800,-0.9514869860,-2.2021143820,2.3158102470,0.5895881890,0.0766924360,0.0652596100,95.6694543418
-0.0643638220,-2.4518046760,-0.9076739190,-2.2623239930,2.3311824510,0.5919263740,0.0734742010,0.0577223510,96.1241314429
-0.0409916210,-2.5131869980,-0.7894806660,-2.3411598490,2.2997747070,0.5996895990,0.0794959750,0.0577223510,96.9223361920
-0.0302428050,-2.4614083840,-0.8408629750,-2.2780835480,2.2855173200,0.5971539530,0.0825610450,0.0652596100,97.4127084084
-0.0182569390,-2.4111648230,-0.8896341310,-2.2173116510,2.2697463140,0.5943869400,0.0859057900,0.0725938270,97.8867508685
-0.0049894200,-2.3623182080,-0.9361266670,-2.1587561970,2.2524374130,0.5913951470,0.0895222450,0.0797075360,98.3464223275
0.0096079800,-2.3147703490,-0.9805958260,-2.1023662600,2.2335639850,0.5881857020,0.0934017980,0.0865837950,98.7932841731
0.0255867850,-2.2684527210,-1.0232421060,-2.0481165320,2.2130973080,0.5847662460,0.0975352100,0.0932062300,99.2286365570
0.0430013500,-2.2233200540,-1.0642258380,-1.9960001510,2.1910069930,0.5811449230,0.1019126380,0.0995590690,99.6536068553
0.0619082300,-2.1793462530,-1.1036769020,-1.9460241130,2.1672615920,0.5773303560,0.1065236570,0.1056271830,100.0692088338
0.0823653410,-2.1365217800,-1.1417014030,-1.8982063200,2.1418294360,0.5733316310,0.1113572850,0.1113961220,100.4763828580
0.1044308720,-2.0948519680,-1.1783863560,-1.8525736820,2.1146797420,0.5691582700,0.1164020120,0.1168521470,100.8760230150
0.1281618890,-2.0543559690,-1.2138030430,-1.8091609010,2.0857840290,0.5648202120,0.1216458240,0.1219822640,101.2689944072
0.1536126080,-2.0150660810,-1.2480094600,-1.7680096810,2.0551178930,0.5603277860,0.1270762330,0.1267742570,101.6561425754
0.1808322660,-1.9770273350,-1.2810521310,-1.7291681980,2.0226631670,0.5556916930,0.1326803070,0.1312167130,102.0382958211
0.1929473050,-2.0076395530,-1.2313927310,-1.7714043890,2.0083292530,0.5598088370,0.1363100570,0.1312167130,102.4104280217
0.1670399060,-2.0481436200,-1.1933606230,-1.8136934330,2.0390694400,0.5647876650,0.1310081450,0.1267742570,102.8132783768
0.1428556540,-2.0898910600,-1.1540408090,-1.8581980190,2.0680434600,0.5696122030,0.1258705330,0.1219822640,103.2223604766
0.1203372330,-2.1328568750,-1.1133594350,-1.9048781990,2.0952813970,0.5742709630,0.1209094570,0.1168521470,103.6385653285
0.0994244700,-2.1770316810,-1.0712240290,-1.9537052770,2.1208177110,0.5787528500,0.1161367320,0.1113961220,104.0628393101
0.0800561000,-2.2224232450,-1.0275191950,-2.0046636880,2.1446893900,0.5830471910,0.1115637240,0.1056271830,104.4962056985
0.0621711780,-2.2690588290,-0.9821005780,-2.0577537360,2.1669344710,0.5871437580,0.1072013230,0.0995590690,104.9397988603
0.0457101680,-2.3169887760,-0.9347862080,-2.1129956780,2.1875908800,0.5910327960,0.1030599180,0.0932062300,105.3949157042
0.0306157910,-2.3662920720,-0.8853437620,-2.1704359340,2.2066955420,0.5947050440,0.0991493710,0.0865837950,105.8630925351
0.0168336390,-2.4170850780,-0.8334712360,-2.2301567480,2.2242837220,0.5981517560,0.0954789960,0.0797075360,106.3462218094
0.0043126330,-2.4695356370,-0.7787664480,-2.2922916960,2.2403885520,0.6013647230,0.0920575330,0.0725938270,106.8467357421
-0.0069946680,-2.5238868050,-0.7206765710,-2.3570516300,2.2550407090,0.6043362950,0.0888931310,0.0652596100,107.3679092517
-0.0171318540,-2.5804990280,-0.6584092710,-2.4247706430,2.2682682220,0.6070593950,0.0859933240,0.0577223510,107.9143924355
0.0071703390,-2.6586254000,-0.5042948590,-2.5186857780,2.2366968970,0.6140066760,0.0929406050,0.0577223510,108.9176668211
0.0318752330,-2.7642403750,-0.2924283940,-2.6411518790,2.2050872590,0.6205040250,0.1003104010,0.0577223510,110.2653441641
0.0653895660,-2.8180539150,-0.1344216310,-2.7016866660,2.1629096880,0.6233075640,0.1104118110,0.0652596100,111.1930921456
0.0408611580,-2.6777465500,-0.4183888000,-2.5421872130,2.1937048020,0.6174389550,0.1028460470,0.0652596100,112.9771434839
0.0167206770,-2.5935766170,-0.5848928190,-2.4423978800,2.2244246940,0.6111068690,0.0956637050,0.0652596100,114.0529286800
0.0273763390,-2.5328316320,-0.6570098460,-2.3711720480,2.2108143090,0.6079424670,0.0986352770,0.0725938270,114.6500619073
0.0508896060,-2.6047975930,-0.5165789320,-2.4581984930,2.1810678920,0.6140942100,0.1056130600,0.0725938270,115.5708125023
0.0748129530,-2.6964528770,-0.3345438980,-2.5654599950,2.1511856810,0.6197956770,0.1129633460,0.0725938270,116.7381572196
0.1089097900,-2.7131235980,-0.2559017650,-2.5866600010,2.1092039630,0.6210614540,0.1231720650,0.0797075360,117.2340654071
0.0852573480,-2.6125937820,-0.4564882090,-2.4703756470,2.1382549530,0.6159985010,0.1157221560,0.0797075360,118.5114319798
0.0620015590,-2.5388428570,-0.6006758050,-2.3821387400,2.1671442350,0.6104777550,0.1086048530,0.0797075360,119.4520492754
0.0391796990,-2.4752305230,-0.7230996480,-2.3038030950,2.1958351100,0.6045210040,0.1018482440,0.0797075360,120.2662145419
0.0521771200,-2.4201003290,-0.7846061930,-2.2396107700,2.1794535390,0.6008506290,0.1052949560,0.0865837950,120.7996078485
0.0664188590,-2.3670174920,-0.8424592520,-2.1781823750,2.1616332540,0.5969400820,0.1089672040,0.0932062300,121.3109443673
0.0819588720,-2.3157020310,-0.8972956970,-2.1192579960,2.1423353470,0.5927986770,0.1128562420,0.0995590690,121.8040542916
0.0988545210,-2.2659641210,-0.9495717120,-2.0626724660,2.1215187000,0.5884362760,0.1169528090,0.1056271830,122.2817403650
0.1171661390,-2.2176746780,-0.9996250900,-2.0083233180,2.0991404870,0.5838632680,0.1212471500,0.1113961220,122.7461523753
0.1369564180,-2.1707481170,-1.0477122240,-1.9561519130,2.0751568630,0.5790905430,0.1257290370,0.1168521470,123.1990099535
0.1582895740,-2.1251317860,-1.0940312580,-1.9061317700,2.0495238980,0.5741294670,0.1303877970,0.1219822640,123.6417420878
0.1812302460,-2.0807992760,-1.1387371860,-1.8582610870,2.0221987760,0.5689918550,0.1352123350,0.1267742570,124.0755776113
0.2058420690,-2.0377461010,-1.1819520400,-1.8125577900,1.9931413400,0.5636899430,0.1401911630,0.1312167130,124.5016048187
0.2321858760,-1.9959868660,-1.2237719440,-1.7690561600,1.9623160030,0.5582363550,0.1453124230,0.1352990530,124.9208102415
0.2444686350,-2.0229506980,-1.1798167250,-1.8056673480,1.9480403220,0.5615553000,0.1490770270,0.1352990530,125.2507401521
0.2194537920,-2.0673036300,-1.1328354960,-1.8526010030,1.9771831020,0.5673196930,0.1443083070,0.1312167130,125.6938042113
0.1961203650,-2.1130055920,-1.0842134340,-1.9017182050,2.0045914960,0.5729237670,0.1396722140,0.1267742570,126.1454938906
0.1744008200,-2.1600780510,-1.0337926520,-1.9530152910,2.0303112860,0.5783541760,0.1351797880,0.1219822640,126.6070864847
0.1542267800,-2.2085705040,-0.9813695710,-2.0065161760,2.0543909420,0.5835979880,0.1308417300,0.1168521470,127.0800786580
0.1355304630,-2.2585675770,-0.9266789200,-2.0622803290,2.0768800290,0.5886427150,0.1266683690,0.1113961220,127.5662814623
0.1182457870,-2.3102002560,-0.8693691620,-2.1204151850,2.0978279640,0.5934763430,0.1226696440,0.1056271830,128.0679681023
0.1544636640,-2.2998715680,-0.8520678760,-2.1158376730,2.0541084620,0.5930723300,0.1323789940,0.1113961220,128.3700483640
0.1720927540,-2.2463848020,-0.9142229950,-2.0561064660,2.0330586550,0.5877755100,0.1362273590,0.1168521470,128.8955431126
0.1911325110,-2.1947325090,-0.9733370500,-1.9989043860,2.0104823480,0.5822696570,0.1402275960,0.1219822640,129.4031529729
0.2116526930,-2.1447323460,-1.0298687480,-1.9440692430,1.9863247160,0.5765678810,0.1443701780,0.1267742570,129.8957839489
0.2337250070,-2.0962643760,-1.0841570990,-1.8915052710,1.9605306450,0.5706837630,0.1486452400,0.1312167130,130.3756761625
0.2574220070,-2.0492540540,-1.1364580650,-1.8411644810,1.9330460010,0.5646313150,0.1530426010,0.1352990530,130.8446247210
0.2950246770,-2.0266301330,-1.1494723660,-1.8240172170,1.8898503250,0.5609750070,0.1613040840,0.1390115550,131.1707791979
0.2709938960,-2.0748357850,-1.0938346290,-1.8754952960,1.9174006530,0.5674522590,0.1571934950,0.1352990530,131.6556976005
0.2486029940,-2.1245747550,-1.0360423130,-1.9292377890,1.9432532130,0.5737688770,0.1531848470,0.1312167130,132.1524842708
0.2277747190,-2.1759451630,-0.9757904660,-1.9853149050,1.9674679680,0.5799098180,0.1492876880,0.1267742570,132.6632194816
0.2084330150,-2.2291006260,-0.9126700800,-2.0438566160,1.9901056560,0.5858604570,0.1455112970,0.1219822640,133.1905567725
0.1905041100,-2.2842734180,-0.8461186230,-2.1050778940,2.0112264840,0.5916066220,0.1418646700,0.1168521470,133.7380216868
0.1739173040,-2.3418148440,-0.7753348330,-2.1693225280,2.0308891530,0.5971346310,0.1383564890,0.1113961220,134.3105266282
0.2094153070,-2.3223497230,-0.7768375390,-2.1536149730,1.9889534590,0.5950762050,0.1477314140,0.1168521470,134.6124615132
0.2262553350,-2.2631909330,-0.8517902670,-2.0879309290,1.9692425970,0.5891124040,0.1510100410,0.1219822640,135.2062664503
0.2444384240,-2.2066037840,-0.9220774190,-2.0254494200,1.9480840150,0.5829363860,0.1544053360,0.1267742570,135.7724960515
0.2640392870,-2.1521737200,-0.9886314430,-1.9657590020,1.9254138510,0.5765628590,0.1579092120,0.1312167130,136.3168568267
0.2851361080,-2.0996283980,-1.0520977760,-1.9086029930,1.9011664020,0.5700070000,0.1615133260,0.1352990530,136.8433739274
0.3078097920,-2.0487873770,-1.1129407610,-1.8538249940,1.8752751010,0.5632844230,0.1652090940,0.1390115550,137.3550320855
0.3211270600,-2.0700618310,-1.0775295750,-1.8823904170,1.8601492070,0.5653440850,0.1692514080,0.1390115550,137.6256184938
0.2998039660,-2.1235568890,-1.0114139220,-1.9404242360,1.8844003720,0.5722854560,0.1659850470,0.1352990530,138.1651488055
0.2799892260,-2.1789908380,-0.9420835800,-2.0010198030,1.9070700290,0.5790546820,0.1627996900,0.1312167130,138.7232253915
0.2615997860,-2.2366598600,-0.8688444280,-2.0644575530,1.9282296010,0.5856356430,0.1597029250,0.1267742570,139.3041715293
0.2445565700,-2.2970155760,-0.7906877500,-2.1311878490,1.9479482350,0.5920126660,0.1567021260,0.1219822640,139.9141614250
0.2632974460,-2.3305913260,-0.7293420510,-2.1736903500,1.9262720740,0.5945497970,0.1625650870,0.1219822640,140.3476981810
0.2792183350,-2.2660541190,-0.8162281210,-2.1023111120,1.9079561240,0.5879969350,0.1651595490,0.1267742570,141.0072090717
0.2964115570,-2.2049440660,-0.8965811680,-2.0349585890,1.8882742090,0.5812345120,0.1678369810,0.1312167130,141.6279021874
0.3149559670,-2.1465375550,-0.9719669530,-1.9708872820,1.8671551430,0.5742786330,0.1705910090,0.1352990530,142.2192857258
0.3349354040,-2.0903763760,-1.0434065560,-1.9096412610,1.8445242780,0.5671458630,0.1734150720,0.1390115550,142.7876189015
0.3491963350,-2.1096480980,-1.0107510470,-1.9355002160,1.8284483150,0.5686826480,0.1776836550,0.1390115550,143.0410097966
0.3305534680,-2.1684768530,-0.9339605390,-1.9999102790,1.8494791810,0.5759786670,0.1753130340,0.1352990530,143.6388415992
0.3132680720,-2.2299372050,-0.8523352330,-2.0674980970,1.8690743730,0.5830937470,0.1730012050,0.1312167130,144.2651589120
0.2972567630,-2.2947126520,-0.7643945750,-2.1389646510,1.8873102480,0.5900109430,0.1707536720,0.1267742570,144.9289697916
0.3156805710,-2.3225420050,-0.7135494610,-2.1743499880,1.8663344480,0.5916697190,0.1764632170,0.1267742570,145.2960951608
0.3305232850,-2.2538570740,-0.8095912080,-2.0985420510,1.8495145030,0.5846250490,0.1782719800,0.1312167130,146.0065826155
0.3465603930,-2.1892704160,-0.8976201270,-2.0273998270,1.8314172460,0.5773788480,0.1801324890,0.1352990530,146.6692748999
0.3638737070,-2.1277882280,-0.9797540580,-1.9598844260,1.8119660060,0.5699483730,0.1820403100,0.1390115550,147.2970183391
0.3825514600,-2.0687983570,-1.0573228280,-1.8953734280,1.7910790350,0.5623513190,0.1839909020,0.1423453780,147.8979241519
0.3962018760,-2.0834397960,-1.0326812600,-1.9154764780,1.7758782710,0.5632335020,0.1879375640,0.1423453780,148.1006005141
0.3789334920,-2.1447024010,-0.9506176530,-1.9827054600,1.7951190230,0.5709380440,0.1864678440,0.1390115550,148.7266133337
0.3629429740,-2.2088023730,-0.8631943000,-2.0532499630,1.8130107620,0.5784736500,0.1850303510,0.1352990530,149.3843364318
0.3481441430,-2.2765705080,-0.7686351270,-2.1279717050,1.8296350190,0.5858223750,0.1836285060,0.1312167130,150.0845625983
0.3344577590,-2.3494226560,-0.6639515430,-2.2083690610,1.8450675060,0.5929667170,0.1822656500,0.1267742570,150.8454059107
0.3660997550,-2.2979214420,-0.7297996520,-2.1556425400,1.8094731760,0.5866809980,0.1890496430,0.1312167130,151.3939632632
0.3796695060,-2.2269452100,-0.8309550170,-2.0773417920,1.7942981620,0.5792587520,0.1899872910,0.1352990530,152.1324661356
0.3943435690,-2.1602913620,-0.9235534330,-2.0038698170,1.7779463110,0.5716477550,0.1909487840,0.1390115550,152.8198169261
0.4102049320,-2.0968610960,-1.0099209480,-1.9340714730,1.7603377130,0.5638661320,0.1919318310,0.1423453780,153.4701284029
0.4245301370,-2.1089858870,-0.9892036370,-1.9510851790,1.7444938520,0.5642467110,0.1959579400,0.1423453780,153.6519197087
0.4100735280,-2.1744522250,-0.8987798710,-2.0232800790,1.7604843560,0.5720747050,0.1954654440,0.1390115550,154.3253269446
0.3967101260,-2.2435604550,-0.8011961530,-2.0995440640,1.7753152110,0.5797310560,0.1949837470,0.1352990530,155.0414494839
0.3843611570,-2.3177285470,-0.6934689550,-2.1813816140,1.7890634280,0.5871975320,0.1945139960,0.1312167130,155.8183817550
0.4029010960,-2.3357842260,-0.6600807770,-2.2049864190,1.7684377530,0.5873699360,0.2000000000,0.1312167130,156.0813985131
0.4140366130,-2.2585005270,-0.7742296170,-2.1197150500,1.7560952950,0.5798886990,0.2000000000,0.1352990530,156.8961111953
0.4260944840,-2.1870803730,-0.8765183160,-2.0408368030,1.7427674350,0.5722172090,0.2000000000,0.1390115550,157.6395595509
0.4391483670,-2.1197390920,-0.9706878770,-1.9664459960,1.7283812170,0.5643737380,0.2000000000,0.1423453780,158.3344356845
0.4540317160,-2.1290486320,-0.9545254330,-1.9800856560,1.7120325610,0.5642467110,0.2040420600,0.1423453780,158.4943360509
0.4423789130,-2.1980720570,-0.8569875390,-2.0564412110,1.7248278540,0.5720747050,0.2045345560,0.1390115550,159.2086110694
0.4316221940,-2.2716120950,-0.7503783190,-2.1377060940,1.7366696990,0.5797310560,0.2050162530,0.1352990530,159.9772719258
0.4216938260,-2.3518561520,-0.6301232220,-2.2262265050,1.7476259540,0.5871975320,0.2054860040,0.1312167130,160.8280784874
0.4494413740,-2.2827412230,-0.7299654540,-2.1533671130,1.7170678480,0.5792587520,0.2100127090,0.1352990530,161.5656006899
0.4589004820,-2.2073276860,-0.8403968640,-2.0699986470,1.7066961710,0.5716477550,0.2090512160,0.1390115550,162.3566387012
0.4691533560,-2.1368473760,-0.9408571990,-1.9919412060,1.6954790540,0.5638661320,0.2080681690,0.1423453780,163.0877963832
0.4844874030,-2.1430752370,-0.9298087860,-2.0019571800,1.6787504570,0.5632335020,0.2120624360,0.1423453780,163.2270939400
0.4756339030,-2.2147556750,-0.8269381250,-2.0814226620,1.6884013970,0.5709380440,0.2135321560,0.1390115550,163.9721903435
0.4674697730,-2.2917403290,-0.7132999790,-2.1665540960,1.6973175430,0.5784736500,0.2149696490,0.1352990530,164.7820325644
0.4856839740,-2.2984766650,-0.7006589590,-2.1771382450,1.6774451710,0.5773788480,0.2198675110,0.1352990530,164.9435771485
0.4925547890,-2.2202766010,-0.8167769900,-2.0906394670,1.6699711950,0.5699483730,0.2179596900,0.1390115550,165.7679519744
0.5000087820,-2.1476812920,-0.9214860940,-2.0100878130,1.6618752900,0.5623513190,0.2160090980,0.1423453780,166.5236594244
0.5156931090,-2.1506257520,-0.9159711800,-2.0162991120,1.6448809960,0.5612230630,0.2198925790,0.1423453780,166.6473999290
0.5096395180,-2.2238273090,-0.8100443900,-2.0975923330,1.6514320600,0.5686826480,0.2223163450,0.1390115550,167.4100778258
0.5040613760,-2.3028415020,-0.6922684110,-2.1850159210,1.6574759070,0.5759786670,0.2246869660,0.1352990530,168.2441184635
0.5225800620,-2.3047587960,-0.6882852500,-2.1901180240,1.6374338890,0.5742786330,0.2294089910,0.1352990530,168.3846707011
0.5268650970,-2.2253645030,-0.8068290240,-2.1022454550,1.6328094920,0.5671458630,0.2265849280,0.1390115550,169.2230831156
0.5442090410,-2.2248673640,-0.8071718820,-2.1045867820,1.6141281600,0.5653440850,0.2307485920,0.1390115550,169.3511115372
0.5412186640,-2.3041918610,-0.6887833690,-2.1924172320,1.6173424000,0.5722854560,0.2340149530,0.1352990530,170.1883940086
0.5599562410,-2.3011467340,-0.6937466110,-2.1919316770,1.5972240240,0.5700070000,0.2384866740,0.1352990530,170.3289276503
0.5616492440,-2.2223388270,-0.8110635620,-2.1046293950,1.5954120520,0.5632844230,0.2347909060,0.1390115550,171.1596169897
0.5791638620,-2.2178053230,-0.8184447910,-2.1024112440,1.5766846280,0.5609750070,0.2386959160,0.1390115550,171.2953956374
0.5787721480,-2.2956715160,-0.7030700940,-2.1887242710,1.5771008020,0.5674522590,0.2428065050,0.1352990530,172.1143084837
0.5976459190,-2.2878518290,-0.7165696380,-2.1828978460,1.5569943790,0.5646313150,0.2469573990,0.1352990530,172.2753845448
0.6165571420,-2.2778033160,-0.7339973290,-2.1745870900,1.5369261480,0.5615553000,0.2509229730,0.1352990530,172.4510357577
0.6354853350,-2.2656625970,-0.7550602980,-2.1639488250,1.5169173880,0.5582363550,0.2546875770,0.1352990530,172.6422715657
0.6387552070,-2.3450051700,-0.6368590250,-2.2515901060,1.5134666520,0.5636899430,0.2598088370,0.1312167130,173.4784889209
0.6589060550,-2.3279077380,-0.6674802380,-2.2355456600,1.4922640900,0.5598088370,0.2636899430,0.1312167130,173.7205121855
