0.58203357,-1.687348801,-1.559666721,-1.465373459,1.570796327,0.50619851,0.202454164,0.15
0.579523647,-1.703271447,-1.541589805,-1.467527729,1.570796327,0.51239702,0.204908327,0.15
0.577074828,-1.719198536,-1.523234532,-1.469955913,1.570796327,0.51859553,0.207362491,0.15
0.574684893,-1.735136257,-1.504594186,-1.472658537,1.570796327,0.52479404,0.209816655,0.15
0.57235173,-1.751091032,-1.485661434,-1.475636514,1.570796327,0.53099255,0.212270818,0.15
0.556536362,-1.866322439,-1.317340943,-1.654201894,1.59486262,0.537191059,0.214724982,0.15
0.542055691,-2.016103586,-1.103827607,-1.86870189,1.616447712,0.544857931,0.217760511,0.147846151
0.536567618,-2.082479354,-1.011581089,-1.943105564,1.622353132,0.552417975,0.220753744,0.145292583
0.531516563,-2.151881615,-0.913318797,-2.020570596,1.627794092,0.559853188,0.223697553,0.142345378
0.526865097,-2.225364503,-0.806829024,-2.102245455,1.632809492,0.567145863,0.226584928,0.139011555
0.522580062,-2.304758796,-0.68828525,-2.190118024,1.637433889,0.574278633,0.229408991,0.135299053
0.518632018,-2.393786525,-0.549925601,-2.288221339,1.641698037,0.581234512,0.232163019,0.131216713
0.51499479,-2.502826518,-0.370129387,-2.407791354,1.645629348,0.587996935,0.234840451,0.126774257
0.494183813,-2.498965702,-0.378112422,-2.400608376,1.668195215,0.590010943,0.229246328,0.126774257
0.498920735,-2.391269216,-0.555134368,-2.282466397,1.663051907,0.583093747,0.226998795,0.131216713
0.504061376,-2.302841502,-0.692268411,-2.185015921,1.657475907,0.575978667,0.224686966,0.135299053
0.509639518,-2.223827309,-0.81004439,-2.097592333,1.65143206,0.568682648,0.222316345,0.139011555
0.515693109,-2.150625752,-0.91597118,-2.016299112,1.644880996,0.561223063,0.219892579,0.142345378
0.522264846,-2.081451149,-1.013780382,-1.939203562,1.637778561,0.553617678,0.21742144,0.145292583
0.529402852,-2.015270338,-1.105638698,-1.865187443,1.630075161,0.545884606,0.214908812,0.147846151
0.548398159,-1.86585652,-1.318311322,-1.652205964,1.601668586,0.538042261,0.21236068,0.15
0.568715021,-1.750926091,-1.485858553,-1.475604336,1.570796327,0.531701884,0.210300566,0.15
0.571741737,-1.735002919,-1.504751265,-1.472634797,1.570796327,0.525361507,0.208240453,0.15
0.574841529,-1.719097427,-1.523351915,-1.469939638,1.570796327,0.51902113,0.20618034,0.15
0.578017087,-1.703203259,-1.541667801,-1.46751792,1.570796327,0.512680754,0.204120227,0.15
0.581271231,-1.687314293,-1.559705599,-1.465369088,1.570796327,0.506340377,0.202060113,0.15
0.580521699,-1.687217847,-1.559814257,-1.465356876,1.570796327,0.506457221,0.201657933,0.15
0.576535143,-1.703012668,-1.541885781,-1.467490531,1.570796327,0.512914442,0.203315865,0.15
0.572643736,-1.718814806,-1.523679971,-1.469894203,1.570796327,0.519371663,0.204973798,0.15
0.56884412,-1.734630196,-1.505190248,-1.472568536,1.570796327,0.525828884,0.20663173,0.15
0.565133093,-1.750465015,-1.486409425,-1.47551454,1.570796327,0.532286105,0.208289663,0.15
0.540363848,-1.864702355,-1.320275353,-1.649533035,1.608396261,0.538743326,0.209947595,0.15
0.51687995,-2.013247726,-1.109346979,-1.86029624,1.643598825,0.546730195,0.211998275,0.147846151
0.50809775,-2.07900075,-1.018318977,-1.93366045,1.653104333,0.554605777,0.214020381,0.145292583
0.500008782,-2.147681292,-0.921486094,-2.010087813,1.66187529,0.562351319,0.216009098,0.142345378
0.492554789,-2.220276601,-0.81677699,-2.090639467,1.669971195,0.569948373,0.21795969,0.139011555
0.485683974,-2.298476665,-0.700658959,-2.177138245,1.677445171,0.577378848,0.219867511,0.135299053
0.479350214,-2.3856326,-0.566142745,-2.273205012,1.684344713,0.584625049,0.22172802,0.131216713
0.473512387,-2.490573099,-0.394835669,-2.388388706,1.690712324,0.591669719,0.223536783,0.126774257
0.446602918,-2.63823461,-0.133328141,-2.546454796,1.720179823,0.599889663,0.219054972,0.121982264
0.452999877,-2.478149137,-0.419258457,-2.371657136,1.71315989,0.592966717,0.21773435,0.126774257
0.459941144,-2.377034908,-0.582622658,-2.260593293,1.705553913,0.585822375,0.216371494,0.131216713
0.467469773,-2.291740329,-0.713299979,-2.166554096,1.697317543,0.57847365,0.214969649,0.135299053
0.475633903,-2.214755675,-0.826938125,-2.081422662,1.688401397,0.570938044,0.213532156,0.139011555
0.484487403,-2.143075237,-0.929808786,-2.00195718,1.678750457,0.563233502,0.212062436,0.142345378
0.49409062,-2.075145955,-1.025161266,-1.926489168,1.668303381,0.555378372,0.21056399,0.145292583
0.50451124,-2.010047896,-1.11492856,-1.854037538,1.65699172,0.547391361,0.209040386,0.147846151
0.532454283,-1.862864639,-1.323223988,-1.646189561,1.615027599,0.53929149,0.207495253,0.15
0.561617824,-1.749709362,-1.487311752,-1.475367866,1.570796327,0.532742908,0.206246044,0.15
0.566001991,-1.73401938,-1.50590933,-1.47246027,1.570796327,0.526194327,0.204996835,0.15
0.570489261,-1.718351678,-1.524217366,-1.469819936,1.570796327,0.519645745,0.203747626,0.15
0.57508327,-1.702700374,-1.54224287,-1.467445737,1.570796327,0.513097163,0.202498418,0.15
0.579787829,-1.687059827,-1.559992262,-1.465336891,1.570796327,0.506548582,0.201249209,0.15
0.579072423,-1.686840836,-1.560238906,-1.465309239,1.570796327,0.506614098,0.200835555,0.15
0.573666831,-1.702267524,-1.542737631,-1.467383825,1.570796327,0.513228196,0.20167111,0.15
0.568385803,-1.717709696,-1.524961916,-1.469717369,1.570796327,0.519842294,0.202506665,0.15
0.563225177,-1.733172589,-1.506905553,-1.472310838,1.570796327,0.526456392,0.20334222,0.15
0.558180974,-1.748661689,-1.488561773,-1.475165518,1.570796327,0.53307049,0.204177774,0.15
0.524690384,-1.860350497,-1.327143463,-1.642184825,1.621544414,0.539684588,0.205013329,0.15
0.492321347,-2.005688898,-1.122347079,-1.846427027,1.670226194,0.547865496,0.206046818,0.147846151
0.48026823,-2.069913132,-1.034253366,-1.917711808,1.683347822,0.555932414,0.207065907,0.145292583
0.469153356,-2.136847376,-0.940857199,-1.991941206,1.695479054,0.563866132,0.208068169,0.142345378
0.458900482,-2.207327686,-0.840396864,-2.069998647,1.706696171,0.571647755,0.209051216,0.139011555
0.449441374,-2.282741223,-0.729965454,-2.153367113,1.717067848,0.579258752,0.210012709,0.135299053
0.440714929,-2.365692854,-0.604123106,-2.244849515,1.726655928,0.586680998,0.210950357,0.131216713
0.432666389,-2.462295242,-0.450128626,-2.351046303,1.735516117,0.593896817,0.211861927,0.126774257
0.425246663,-2.598454385,-0.21402168,-2.499987181,1.743698598,0.600889025,0.212745248,0.121982264
0.404084655,-2.563084961,-0.284832555,-2.458108717,1.76712135,0.601490224,0.206385224,0.121982264
0.412532903,-2.443602185,-0.486215018,-2.327175787,1.757758003,0.59445635,0.20594269,0.126774257
0.421693826,-2.351856152,-0.630123222,-2.226226505,1.747625954,0.587197532,0.205486004,0.131216713
0.431622194,-2.271612095,-0.750378319,-2.137706094,1.736669699,0.579731056,0.205016253,0.135299053
0.442378913,-2.198072057,-0.856987539,-2.056441211,1.724827854,0.572074705,0.204534556,0.139011555
0.454031716,-2.129048632,-0.954525433,-1.980085656,1.712032561,0.564246711,0.20404206,0.142345378
0.466655934,-2.063336413,-1.045524803,-1.907358814,1.698208827,0.556265716,0.203539939,0.145292583
0.480335358,-2.000194292,-1.131554545,-1.837486476,1.68327382,0.548150727,0.203029387,0.147846151
0.517093166,-1.857169425,-1.332015428,-1.637530902,1.627928363,0.539921069,0.202511621,0.15
0.554834164,-1.747325545,-1.490154281,-1.474909155,1.570796327,0.533267558,0.202093017,0.15
0.560523366,-1.73209276,-1.508174823,-1.472121398,1.570796327,0.526614046,0.201674414,0.15
0.566340932,-1.716891148,-1.525910597,-1.469587235,1.570796327,0.519960535,0.20125581,0.15
0.572291084,-1.701715713,-1.543368078,-1.467305189,1.570796327,0.513307023,0.200837207,0.15
0.578378221,-1.686561706,-1.560553206,-1.465274068,1.570796327,0.506653512,0.200418603,0.15
0.577707886,-1.686223501,-1.560933913,-1.465231566,1.570796327,0.506666667,0.2,0.15
0.570961164,-1.701046971,-1.544131678,-1.467210331,1.570796327,0.513333333,0.2,0.15
0.564362069,-1.71589896,-1.527059559,-1.469430461,1.570796327,0.52,0.2,0.15
0.557906084,-1.730783645,-1.509711928,-1.471893408,1.570796327,0.526666667,0.2,0.15
0.551588863,-1.745705458,-1.492082652,-1.47460087,1.570796327,0.533333333,0.2,0.15
0.509683757,-1.853333211,-1.337817131,-1.632242601,1.634160935,0.54,0.2,0.15
0.468578908,-1.993592653,-1.142492379,-1.827243288,1.696105298,0.548245929,0.2,0.147846151
0.453279785,-2.055456714,-1.058890578,-1.895467998,1.712856486,0.556376963,0.2,0.145292583
0.439148367,-2.119739092,-0.970687877,-1.966445996,1.728381217,0.564373738,0.2,0.142345378
0.426094484,-2.187080373,-0.876518316,-2.040836803,1.742767435,0.572217209,0.2,0.139011555
0.414036613,-2.258500527,-0.774229617,-2.11971505,1.756095295,0.579888699,0.2,0.135299053
0.402901096,-2.335784226,-0.660080777,-2.204986419,1.768437753,0.587369936,0.2,0.131216713
0.392621421,-2.422587482,-0.526437797,-2.300584315,1.779861131,0.594643106,0.2,0.126774257
0.383137558,-2.529238761,-0.351775567,-2.417666052,1.790425663,0.601690888,0.2,0.121982264
0.362427222,-2.496021432,-0.416711055,-2.37766376,1.813587525,0.601490224,0.193614776,0.121982264
0.372955125,-2.39967525,-0.569910366,-2.271707942,1.801799435,0.59445635,0.19405731,0.126774257
0.384361157,-2.317728547,-0.693468955,-2.181381614,1.789063428,0.587197532,0.194513996,0.131216713
0.396710126,-2.243560455,-0.801196153,-2.099544064,1.775315211,0.579731056,0.194983747,0.135299053
0.410073528,-2.174452225,-0.898779871,-2.023280079,1.760484356,0.572074705,0.195465444,0.139011555
0.424530137,-2.108985887,-0.989203637,-1.951085179,1.744493852,0.564246711,0.19595794,0.142345378
0.440166641,-2.046320639,-1.074253488,-1.882083442,1.727259669,0.556265716,0.196460061,0.145292583
0.457078268,-1.985917004,-1.155092632,-1.815729977,1.708690346,0.548150727,0.196970613,0.147846151
0.502483419,-1.848855847,-1.344521632,-1.626337392,1.640223446,0.539921069,0.197488379,0.15
0.548456359,-1.743806932,-1.494338879,-1.47424317,1.570796327,0.533267558,0.197906983,0.15
0.555382679,-1.729249801,-1.511510563,-1.471628617,1.570796327,0.526614046,0.198325586,0.15
0.562456463,-1.714736681,-1.528404142,-1.469248158,1.570796327,0.519960535,0.19874419,0.15
0.569682068,-1.700263765,-1.545025366,-1.46709985,1.570796327,0.513307023,0.199162793,0.15
0.577064,-1.68582751,-1.561379511,-1.46518196,1.570796327,0.506653512,0.199581397,0.15
0.576449054,-1.685375241,-1.561888228,-1.465125511,1.570796327,0.506614098,0.199164445,0.15
0.568458638,-1.699368988,-1.546045554,-1.466974439,1.570796327,0.513228196,0.19832889,0.15
0.560631175,-1.713408476,-1.529938897,-1.469041607,1.570796327,0.519842294,0.197493335,0.15
0.552962291,-1.727496576,-1.51356336,-1.471329044,1.570796327,0.526456392,0.19665778,0.15
0.545447743,-1.741636425,-1.496913609,-1.473838947,1.570796327,0.53307049,0.195822226,0.15
0.495513557,-1.843753427,-1.352098053,-1.619835313,1.64609703,0.539684588,0.194986671,0.15
0.445860429,-1.977204207,-1.169279281,-1.80298362,1.720997603,0.547865496,0.193953182,0.147846151
0.42734428,-2.035979336,-1.091506526,-1.867254379,1.741385885,0.555932414,0.192934093,0.145292583
0.410204932,-2.096861096,-1.009920948,-1.934071473,1.760337713,0.563866132,0.191931831,0.142345378
0.394343569,-2.160291362,-0.923553433,-2.003869817,1.777946311,0.571647755,0.190948784,0.139011555
0.379669506,-2.22694521,-0.830955017,-2.077341792,1.794298162,0.579258752,0.189987291,0.135299053
0.366099755,-2.297921442,-0.729799652,-2.15564254,1.809473176,0.586680998,0.189049643,0.131216713
0.353558548,-2.375200413,-0.61593055,-2.240884578,1.823544946,0.593896817,0.188138073,0.126774257
0.341976849,-2.463044783,-0.48044313,-2.337653047,1.836581063,0.600889025,0.187254752,0.121982264
0.331291864,-2.575055398,-0.29499024,-2.4606437,1.848643451,0.60764097,0.186401783,0.116852147
0.310137995,-2.525480477,-0.39262972,-2.402412327,1.872631816,0.606574726,0.179669784,0.116852147
0.321811182,-2.43010869,-0.543382443,-2.297386946,1.859378254,0.599889663,0.180945028,0.121982264
0.334457759,-2.349422656,-0.663951543,-2.208369061,1.845067506,0.592966717,0.18226565,0.126774257
0.348144143,-2.276570508,-0.768635127,-2.127971705,1.829635019,0.585822375,0.183628506,0.131216713
0.362942974,-2.208802373,-0.8631943,-2.053249963,1.813010762,0.57847365,0.185030351,0.135299053
0.378933492,-2.144702401,-0.950617653,-1.98270546,1.795119023,0.570938044,0.186467844,0.139011555
0.396201876,-2.083439796,-1.03268126,-1.915476478,1.775878271,0.563233502,0.187937564,0.142345378
0.414841518,-2.024487385,-1.110535249,-1.851034115,1.755201135,0.555378372,0.18943601,0.145292583
0.434953195,-1.967494349,-1.184969561,-1.789045317,1.732994525,0.547391361,0.190959614,0.147846151
0.488795736,-1.838044035,-1.360511844,-1.612758872,1.651762642,0.53929149,0.192504747,0.15
0.542573883,-1.739201341,-1.499796192,-1.473391447,1.570796327,0.532742908,0.193753956,0.15
0.550653835,-1.7255301,-1.515861925,-1.470996956,1.570796327,0.526194327,0.195003165,0.15
0.558893053,-1.711919115,-1.531657613,-1.468812252,1.570796327,0.519645745,0.196252374,0.15
0.567295549,-1.698365948,-1.547188151,-1.466834881,1.570796327,0.513097163,0.197501582,0.15
0.575865437,-1.684868423,-1.562458041,-1.465062516,1.570796327,0.506548582,0.198750791,0.15
0.575315427,-1.684308991,-1.563086685,-1.464993304,1.570796327,0.506457221,0.198342067,0.15
0.566197289,-1.697258364,-1.548448579,-1.466682037,1.570796327,0.512914442,0.196684135,0.15
0.557248716,-1.710273962,-1.533553339,-1.46856168,1.570796327,0.519371663,0.195026202,0.15
0.548465975,-1.723357264,-1.518396872,-1.470634845,1.570796327,0.525828884,0.19336827,0.15
0.539845395,-1.736510008,-1.502974735,-1.472904237,1.570796327,0.532286105,0.191710337,0.15
0.482351678,-1.831747633,-1.369725075,-1.60513294,1.657201063,0.538743326,0.190052405,0.15
0.424385264,-1.956830133,-1.202075272,-1.773959675,1.744647285,0.546730195,0.188001725,0.147846151
0.402688327,-2.011901756,-1.131219991,-1.833479062,1.768669766,0.554605777,0.185979619,0.145292583
0.38255146,-2.068798357,-1.057322828,-1.895373428,1.791079035,0.562351319,0.183990902,0.142345378
0.363873707,-2.127788228,-0.979754058,-1.959884426,1.811966006,0.569948373,0.18204031,0.139011555
0.346560393,-2.189270416,-0.897620127,-2.027399827,1.831417246,0.577378848,0.180132489,0.135299053
0.330523285,-2.253857074,-0.809591208,-2.098542051,1.849514503,0.584625049,0.17827198,0.131216713
0.315680571,-2.322542005,-0.713549461,-2.174349988,1.866334448,0.591669719,0.176463217,0.126774257
0.30195671,-2.397098051,-0.605760934,-2.256708499,1.881948597,0.598496082,0.174710505,0.121982264
0.289282214,-2.48125301,-0.478426404,-2.349620596,1.896423342,0.60508788,0.173018018,0.116852147
0.277593361,-2.586147808,-0.30831369,-2.465116013,1.909820066,0.611429417,0.171389789,0.111396122
0.244484193,-2.643082762,-0.231703421,-2.523669822,1.948030277,0.615379309,0.16251099,0.105627183
0.256119303,-2.526889633,-0.424809475,-2.395725224,1.934558346,0.609413086,0.164449533,0.111396122
0.268751537,-2.439736993,-0.557860836,-2.299375047,1.919987206,0.603186301,0.166472739,0.116852147
0.282441899,-2.363941317,-0.667718313,-2.215505655,1.904258743,0.596713782,0.168575787,0.121982264
0.297256763,-2.294712652,-0.764394575,-2.138964651,1.887310248,0.590010943,0.170753672,0.126774257
0.313268072,-2.229937205,-0.852335233,-2.067498097,1.869074373,0.583093747,0.173001205,0.131216713
0.330553468,-2.168476853,-0.933960539,-1.999910279,1.849479181,0.575978667,0.175313034,0.135299053
0.349196335,-2.109648098,-1.010751047,-1.935500216,1.828448315,0.568682648,0.177683655,0.139011555
0.369285702,-2.053013039,-1.083683691,-1.873835857,1.805901341,0.561223063,0.180107421,0.142345378
0.390915959,-1.998280886,-1.153437841,-1.814647914,1.781754321,0.553617678,0.18257856,0.145292583
0.414186316,-1.945256317,-1.220504012,-1.757774359,1.75592068,0.545884606,0.185091188,0.147846151
0.476203262,-1.824885947,-1.379696733,-1.596984639,1.662392907,0.538042261,0.18763932,0.15
0.537272619,-1.733571659,-1.506436156,-1.472381166,1.570796327,0.531701884,0.189699434,0.15
0.546407094,-1.720985708,-1.521157871,-1.470245401,1.570796327,0.525361507,0.191759547,0.15
0.555704529,-1.708478955,-1.535618419,-1.468291607,1.570796327,0.51902113,0.19381966,0.15
0.565168143,-1.696050347,-1.54982179,-1.466516843,1.570796327,0.512680754,0.195879773,0.15
0.574801185,-1.683699086,-1.563771661,-1.464918233,1.570796327,0.506340377,0.197939887,0.15
0.574324746,-1.683041044,-1.564510249,-1.464837687,1.570796327,0.50619851,0.197545836,0.15
0.564212181,-1.694746395,-1.551302288,-1.466340297,1.570796327,0.51239702,0.195091673,0.15
0.55426658,-1.706540595,-1.537844525,-1.46800386,1.570796327,0.51859553,0.192637509,0.15
0.544485274,-1.718423801,-1.524133692,-1.469831487,1.570796327,0.52479404,0.190183345,0.15
0.534865583,-1.730396412,-1.510166248,-1.471826321,1.570796327,0.53099255,0.187729182,0.15
0.470372515,-1.817482354,-1.390383024,-1.588343228,1.66731864,0.537191059,0.185275018,0.15
0.404387095,-1.932819205,-1.240160305,-1.74053972,1.766778036,0.544857931,0.182239489,0.147846151
0.379557071,-1.98368389,-1.177064343,-1.794601008,1.794415382,0.552417975,0.179246256,0.145292583
0.356438305,-2.036158892,-1.111604001,-1.850936636,1.820304145,0.559853188,0.176302447,0.142345378
0.334935404,-2.090376376,-1.043406556,-1.909641261,1.844524278,0.567145863,0.173415072,0.139011555
0.314955967,-2.146537555,-0.971966953,-1.970887282,1.867155143,0.574278633,0.170591009,0.135299053
0.296411557,-2.204944066,-0.896581168,-2.034958589,1.888274209,0.581234512,0.167836981,0.131216713
0.279218335,-2.266054119,-0.816228121,-2.102311112,1.907956124,0.587996935,0.165159549,0.126774257
0.263297446,-2.330591326,-0.729342051,-2.17369035,1.926272074,0.594549797,0.162565087,0.121982264
0.248575197,-2.399781266,-0.63331907,-2.250387117,1.943289376,0.600877492,0.160059775,0.116852147
0.234983109,-2.475963567,-0.523241879,-2.334899711,1.959071237,0.606964952,0.15764958,0.111396122
0.222457859,-2.564732711,-0.387420896,-2.433251071,1.973676646,0.61279768,0.155340239,0.105627183
0.188423881,-2.592463426,-0.371232292,-2.459711379,2.013684415,0.615185689,0.145797729,0.099559069
0.200781341,-2.504493088,-0.504718011,-2.361909449,1.999103073,0.60977089,0.14834574,0.105627183
0.214214906,-2.429152833,-0.612379564,-2.278022809,1.983324046,0.604094676,0.151016763,0.111396122
0.22878493,-2.360773893,-0.706062578,-2.20194866,1.966292124,0.598170566,0.153804438,0.116852147
0.24455657,-2.297015576,-0.79068775,-2.131187849,1.947948235,0.592012666,0.156702126,0.121982264
0.261599786,-2.23665986,-0.868844428,-2.064457553,1.928229601,0.585635643,0.159702925,0.126774257
0.279989226,-2.178990838,-0.94208358,-2.001019803,1.907070029,0.579054682,0.16279969,0.131216713
0.299803966,-2.123556889,-1.011413922,-1.940424236,1.884400372,0.572285456,0.165985047,0.135299053
0.32112706,-2.070061831,-1.077529575,-1.882390417,1.860149207,0.565344085,0.169251408,0.139011555
0.344044833,-2.018308973,-1.140927732,-1.826747376,1.834243801,0.5582471,0.172590995,0.142345378
0.368645853,-1.968169928,-1.201974889,-1.773399881,1.806611429,0.551011402,0.175995856,0.145292583
0.395019491,-1.919566207,-1.26094659,-1.72230852,1.777181128,0.543654222,0.179457882,0.147846151
0.464881595,-1.809561774,-1.40173767,-1.579239997,1.671958605,0.536193082,0.182968828,0.15
0.532633976,-1.726995246,-1.514149746,-1.471243988,1.570796327,0.530160902,0.185807357,0.15
0.542708259,-1.715680618,-1.527312259,-1.469396104,1.570796327,0.524128721,0.188645886,0.15
0.552940661,-1.704465925,-1.540222693,-1.467700362,1.570796327,0.518096541,0.191484414,0.15
0.563333239,-1.693351373,-1.552884154,-1.466153453,1.570796327,0.512064361,0.194322943,0.15
0.573888008,-1.68233739,-1.565299513,-1.464752077,1.570796327,0.50603218,0.197161471,0.15
0.573492728,-1.681590826,-1.566136323,-1.464661832,1.570796327,0.505842045,0.196788309,0.15
0.562534903,-1.691870503,-1.554561069,-1.465957408,1.570796327,0.511684089,0.193576618,0.15
0.551732239,-1.702262514,-1.542743357,-1.467383109,1.570796327,0.517526134,0.190364927,0.15
0.541083434,-1.712765918,-1.530680698,-1.468942364,1.570796327,0.523368178,0.187153235,0.15
0.530587108,-1.723379977,-1.518370399,-1.470638604,1.570796327,0.529210223,0.183941544,0.15
0.459752765,-1.801150574,-1.413712208,-1.569708155,1.676293055,0.535052267,0.180729853,0.15
0.386116616,-1.905545472,-1.282764072,-1.703135755,1.787090104,0.54227823,0.176757346,0.147846151
0.358218161,-1.951797723,-1.228045805,-1.751107025,1.818298683,0.54940351,0.172840191,0.145292583
0.332142893,-1.999533827,-1.171503819,-1.801338191,1.847673838,0.556411137,0.168987715,0.142345378
0.307809792,-2.048787377,-1.112940761,-1.853824994,1.875275101,0.563284423,0.165209094,0.139011555
0.285136108,-2.099628398,-1.052097776,-1.908602993,1.901166402,0.570007,0.161513326,0.135299053
0.264039287,-2.15217372,-0.988631443,-1.965759002,1.925413851,0.576562859,0.157909212,0.131216713
0.244438424,-2.206603784,-0.922077419,-2.02544942,1.948084015,0.582936386,0.154405336,0.126774257
0.226255335,-2.263190933,-0.851790267,-2.087930929,1.969242597,0.589112404,0.151010041,0.121982264
0.209415307,-2.322349723,-0.776837539,-2.153614973,1.988953459,0.595076205,0.147731414,0.116852147
0.193847611,-2.384733639,-0.695797363,-2.223172427,2.007277914,0.600813586,0.144577262,0.111396122
0.179485808,-2.451442828,-0.60632497,-2.297758365,2.02427423,0.606310884,0.141555097,0.105627183
0.166267922,-2.524551543,-0.504053559,-2.379582888,2.039997308,0.611555007,0.138672116,0.099559069
0.154136495,-2.608888537,-0.37888578,-2.473838437,2.054498485,0.616533467,0.135935184,0.09320623
0.119710263,-2.614824248,-0.408854147,-2.476543256,2.096044458,0.616810242,0.125869966,0.086583795
0.131558772,-2.536233058,-0.521219686,-2.388039557,2.081678808,0.612280852,0.128744405,0.09320623
0.144505646,-2.466537263,-0.615554987,-2.309478667,2.066063138,0.607484069,0.131788535,0.099559069
0.158605517,-2.402270733,-0.699120485,-2.237144897,2.049150129,0.602431318,0.134995109,0.105627183
0.173917304,-2.341814844,-0.775334833,-2.169322528,2.030889153,0.597134631,0.138356489,0.111396122
0.19050411,-2.284273418,-0.846118623,-2.105077894,2.011226484,0.591606622,0.14186467,0.116852147
0.208433015,-2.229100626,-0.91267008,-2.043856616,1.990105656,0.585860457,0.145511297,0.121982264
0.227774719,-2.175945163,-0.975790466,-1.985314905,1.967467968,0.579909818,0.149287688,0.126774257
0.248602994,-2.124574755,-1.036042313,-1.929237789,1.943253213,0.573768877,0.153184847,0.131216713
0.270993896,-2.074835785,-1.093834629,-1.875495296,1.917400653,0.567452259,0.157193495,0.135299053
0.295024677,-2.026630133,-1.149472366,-1.824017217,1.889850325,0.560975007,0.161304084,0.139011555
0.320772321,-1.979901206,-1.203186817,-1.774777763,1.86054473,0.554352545,0.165506826,0.142345378
0.348311644,-1.934625216,-1.255155152,-1.727785829,1.829430972,0.547600645,0.169791712,0.145292583
0.377712875,-1.890805606,-1.305513421,-1.683078585,1.796463425,0.540735386,0.174148538,0.147846151
0.45500835,-1.792276472,-1.426256265,-1.559782729,1.680302192,0.533773117,0.178566928,0.15
0.528733875,-1.71956323,-1.522811043,-1.470014708,1.570796327,0.528144264,0.182139107,0.15
0.539617786,-1.709690123,-1.534225401,-1.468473456,1.570796327,0.522515411,0.185711285,0.15
0.550646438,-1.699938429,-1.5453964,-1.467054151,1.570796327,0.516886559,0.189283464,0.15
0.561820496,-1.690309341,-1.556326341,-1.465753298,1.570796327,0.511257706,0.192855643,0.15
0.573140513,-1.680804226,-1.567017356,-1.464567399,1.570796327,0.505628853,0.196427821,0.15
0.572832812,-1.679980622,-1.567939119,-1.46446924,1.570796327,0.505393447,0.196081432,0.15
0.56119306,-1.688673767,-1.558172931,-1.465542283,1.570796327,0.510786893,0.192162863,0.15
0.549688014,-1.69750222,-1.548171185,-1.466715575,1.570796327,0.51618034,0.188244295,0.15
0.538317876,-1.706464284,-1.537932081,-1.467992615,1.570796327,0.521573787,0.184325727,0.15
0.527082718,-1.715558409,-1.527453676,-1.469376895,1.570796327,0.526967233,0.180407158,0.15
0.450670696,-1.782968469,-1.439317829,-1.549500465,1.683966225,0.53236068,0.17648859,0.15
0.369844027,-1.87539545,-1.329095327,-1.662196364,1.80525782,0.539031777,0.171641754,0.147846151
0.338965878,-1.916709359,-1.283183269,-1.703500712,1.839959594,0.545609921,0.166862452,0.145292583
0.309975387,-1.959475991,-1.235837161,-1.747133681,1.872803666,0.552079448,0.162162066,0.142345378
0.282815643,-2.003661729,-1.186967669,-1.793035031,1.903819279,0.55842495,0.157551789,0.139011555
0.257422007,-2.049254054,-1.136458065,-1.841164481,1.933046001,0.564631315,0.153042601,0.135299053
0.233725007,-2.096264376,-1.084157099,-1.891505271,1.960530645,0.570683763,0.14864524,0.131216713
0.211652693,-2.144732346,-1.029868748,-1.944069243,1.986324716,0.576567881,0.144370178,0.126774257
0.191132511,-2.194732509,-0.97333705,-1.998904386,2.010482348,0.582269657,0.140227596,0.121982264
0.172092754,-2.246384802,-0.914222995,-2.056106466,2.033058655,0.58777551,0.136227359,0.116852147
0.154463664,-2.299871568,-0.852067876,-2.115837673,2.054108462,0.59307233,0.132378994,0.111396122
0.138178247,-2.355466363,-0.786232185,-2.178357977,2.073685324,0.598147502,0.128691665,0.105627183
0.123172841,-2.413585655,-0.715786899,-2.24408123,2.091840807,0.602988941,0.125174155,0.099559069
0.109387513,-2.474889589,-0.639302712,-2.313684334,2.108623968,0.607585115,0.121834838,0.09320623
0.096766301,-2.540502841,-0.554389255,-2.388346376,2.124080991,0.611925081,0.118681669,0.086583795
0.085257348,-2.612593782,-0.456488209,-2.470375647,2.138254953,0.615998501,0.115722156,0.079707536
0.050889606,-2.604797593,-0.516578932,-2.458198493,2.181067892,0.61409421,0.10561306,0.072593827
0.062001559,-2.538842857,-0.600675805,-2.38213874,2.167144235,0.610477755,0.108604853,0.079707536
0.074242071,-2.477406712,-0.675873178,-2.311372026,2.151898384,0.606598202,0.111814298,0.086583795
0.087660255,-2.419251338,-0.74479163,-2.24460116,2.135291814,0.60246479,0.115233754,0.09320623
0.102309195,-2.363664239,-0.808963139,-2.181096228,2.11728306,0.598087362,0.118855077,0.099559069
0.118245787,-2.310200256,-0.869369162,-2.120415185,2.097827964,0.593476343,0.122669644,0.105627183
0.135530463,-2.258567577,-0.92667892,-2.062280329,2.076880029,0.588642715,0.126668369,0.111396122
0.15422678,-2.208570504,-0.981369571,-2.006516176,2.054390942,0.583597988,0.13084173,0.116852147
0.17440082,-2.160078051,-1.033792652,-1.953015291,2.030311286,0.578354176,0.135179788,0.121982264
0.196120365,-2.113005592,-1.084213434,-1.901718205,2.004591496,0.572923767,0.139672214,0.126774257
0.219453792,-2.06730363,-1.132835496,-1.852601003,1.977183102,0.567319693,0.144308307,0.131216713
0.244468635,-2.022950698,-1.179816725,-1.805667348,1.948040322,0.5615553,0.149077027,0.135299053
0.271229743,-1.97994877,-1.225280094,-1.760943173,1.917122056,0.555644316,0.153967018,0.139011555
0.299796991,-1.938320261,-1.269321111,-1.718473023,1.884394324,0.549600818,0.158966635,0.142345378
0.330222486,-1.898106017,-1.312013086,-1.67831741,1.849833202,0.543439197,0.164063971,0.145292583
0.362547239,-1.859363951,-1.353410913,-1.640550771,1.813428258,0.537174128,0.169246887,0.147846151
0.446762099,-1.773256773,-1.4528435,-1.538899741,1.687265433,0.53082053,0.17450304,0.15
0.525641576,-1.711379672,-1.532279539,-1.468729769,1.570796327,0.525683775,0.178752534,0.15
0.537189803,-1.703100062,-1.541785833,-1.467503085,1.570796327,0.52054702,0.183002027,0.15
0.548861327,-1.694962889,-1.551056609,-1.466369482,1.570796327,0.515410265,0.18725152,0.15
0.560655345,-1.68696996,-1.560093484,-1.465325537,1.570796327,0.51027351,0.191501013,0.15
0.572570911,-1.679123194,-1.568897956,-1.46436783,1.570796327,0.505136755,0.195750507,0.15
0.572355928,-1.678235261,-1.569890069,-1.464263651,1.570796327,0.504859791,0.195436353,0.15
0.56020979,-1.68520438,-1.562080358,-1.465104243,1.570796327,0.509719582,0.190872705,0.15
0.54817032,-1.692329868,-1.554041145,-1.466017968,1.570796327,0.514579373,0.186309058,0.15
0.536239171,-1.699609691,-1.545771199,-1.467008091,1.570796327,0.519439163,0.181745411,0.15
0.524417848,-1.707041893,-1.537269198,-1.468077889,1.570796327,0.524298954,0.177181763,0.15
0.443304734,-1.763172752,-1.466778719,-1.528020473,1.690180244,0.529158745,0.172618116,0.15
0.355861122,-1.842760082,-1.378362037,-1.618206023,1.820927955,0.535169769,0.166973389,0.147846151
0.322125267,-1.878869967,-1.341530256,-1.652303418,1.858997706,0.541097038,0.161407313,0.145292583
0.290284883,-1.916493479,-1.303510466,-1.688863129,1.895256656,0.546926435,0.155933144,0.142345378
0.260317461,-1.955553397,-1.264272114,-1.727804453,1.929694095,0.55264408,0.150563918,0.139011555
0.232185876,-1.995986866,-1.223771944,-1.76905616,1.962316003,0.558236355,0.145312423,0.135299053
0.205842069,-2.037746101,-1.18195204,-1.81255779,1.99314134,0.563689943,0.140191163,0.131216713
0.181230246,-2.080799276,-1.138737186,-1.858261087,2.022198776,0.568991855,0.135212335,0.126774257
0.158289574,-2.125131786,-1.094031258,-1.90613177,2.049523898,0.574129467,0.130387797,0.121982264
0.136956418,-2.170748117,-1.047712224,-1.956151913,2.075156863,0.579090543,0.125729037,0.116852147
0.117166139,-2.217674678,-0.99962509,-2.008323318,2.099140487,0.583863268,0.12124715,0.111396122
0.098854521,-2.265964121,-0.949571712,-2.062672466,2.1215187,0.588436276,0.116952809,0.105627183
0.081958872,-2.315702031,-0.897295697,-2.119257996,2.142335347,0.592798677,0.112856242,0.099559069
0.066418859,-2.367017492,-0.842459252,-2.178182375,2.161633254,0.596940082,0.108967204,0.09320623
0.05217712,-2.420100329,-0.784606193,-2.23961077,2.179453539,0.600850629,0.105294956,0.086583795
0.039179699,-2.475230523,-0.723099648,-2.303803095,2.19583511,0.604521004,0.101848244,0.079707536
0.027376339,-2.532831632,-0.657009846,-2.371172048,2.210814309,0.607942467,0.098635277,0.072593827
0.016720677,-2.593576617,-0.584892819,-2.44239788,2.224424694,0.611106869,0.095663705,0.06525961
0.007170339,-2.6586254,-0.504294859,-2.518685778,2.236696897,0.614006676,0.092940605,0.057722351
-0.017131854,-2.580499028,-0.658409271,-2.424770643,2.268268222,0.607059395,0.085993324,0.057722351
-0.006994668,-2.523886805,-0.720676571,-2.35705163,2.255040709,0.604336295,0.088893131,0.06525961
0.004312633,-2.469535637,-0.778766448,-2.292291696,2.240388552,0.601364723,0.092057533,0.072593827
0.016833639,-2.417085078,-0.833471236,-2.230156748,2.224283722,0.598151756,0.095478996,0.079707536
0.030615791,-2.366292072,-0.885343762,-2.170435934,2.206695542,0.594705044,0.099149371,0.086583795
0.045710168,-2.316988776,-0.934786208,-2.112995678,2.18759088,0.591032796,0.103059918,0.09320623
0.062171178,-2.269058829,-0.982100578,-2.057753736,2.166934471,0.587143758,0.107201323,0.099559069
0.0800561,-2.222423245,-1.027519195,-2.004663688,2.14468939,0.583047191,0.111563724,0.105627183
0.09942447,-2.177031681,-1.071224029,-1.953705277,2.120817711,0.57875285,0.116136732,0.111396122
0.120337233,-2.132856875,-1.113359435,-1.904878199,2.095281397,0.574270963,0.120909457,0.116852147
0.142855654,-2.08989106,-1.154040809,-1.858198019,2.06804346,0.569612203,0.125870533,0.121982264
0.167039906,-2.04814362,-1.193360623,-1.813693433,2.03906944,0.564787665,0.131008145,0.126774257
0.192947305,-2.007639553,-1.231392731,-1.771404389,2.008329253,0.559808837,0.136310057,0.131216713
0.220630134,-1.968418468,-1.268195489,-1.731380741,1.975799436,0.554687577,0.141763645,0.135299053
0.250133023,-1.930533895,-1.303814053,-1.693681223,1.941465827,0.549436082,0.14735592,0.139011555
0.28148987,-1.894052773,-1.3382821,-1.658372552,1.905326681,0.544066856,0.153073565,0.142345378
0.314720302,-1.859054982,-1.371623131,-1.625528555,1.867396201,0.538592687,0.158902962,0.145292583
0.349825751,-1.825632828,-1.403851481,-1.595229167,1.827708404,0.533026611,0.164830231,0.147846151
0.440320555,-1.752748897,-1.48106799,-1.516904041,1.692691328,0.527381884,0.170841255,0.15
0.523418341,-1.702560628,-1.542402626,-1.467425726,1.570796327,0.522818237,0.175701046,0.15
0.535471052,-1.696005946,-1.549872233,-1.466510802,1.570796327,0.518254589,0.180560837,0.15
0.547618494,-1.689612988,-1.557112889,-1.465663104,1.570796327,0.513690942,0.185420627,0.15
0.559858511,-1.683383747,-1.564125657,-1.464879576,1.570796327,0.509127295,0.190280418,0.15
0.572188804,-1.677320265,-1.570911527,-1.464157188,1.570796327,0.504563647,0.195140209,0.15
0.572070299,-1.676381761,-1.571958288,-1.464048932,1.570796327,0.504249493,0.194863245,0.15
0.559603286,-1.681515019,-1.56622126,-1.464652702,1.570796327,0.508498987,0.18972649,0.15
0.547208883,-1.686822449,-1.560259612,-1.465306919,1.570796327,0.51274848,0.184589735,0.15
0.53488995,-1.692302113,-1.554072565,-1.466014302,1.570796327,0.516997973,0.17945298,0.15
0.522649219,-1.697952083,-1.547659283,-1.466777614,1.570796327,0.521247466,0.174316225,0.15
0.437831184,-1.742018786,-1.495655069,-1.5055932,1.694779711,0.52549696,0.16917947,0.15
0.344482661,-1.808031234,-1.429783048,-1.571690432,1.833719448,0.530753113,0.162825872,0.147846151
0.30805605,-1.83871398,-1.402182624,-1.59806563,1.874968932,0.535936029,0.156560803,0.145292583
0.27346603,-1.871053269,-1.373517393,-1.627072153,1.914536311,0.541033365,0.150399182,0.142345378
0.240734734,-1.904945334,-1.343782856,-1.658636994,1.952362335,0.546032982,0.144355684,0.139011555
0.209862574,-1.940297201,-1.312967476,-1.692690679,1.988410497,0.550922973,0.1384447,0.135299053
0.180832266,-1.977027335,-1.281052131,-1.729168198,2.022663167,0.555691693,0.132680307,0.131216713
0.153612608,-2.015066081,-1.24800946,-1.768009681,2.055117893,0.560327786,0.127076233,0.126774257
0.128161889,-2.054355969,-1.213803043,-1.809160901,2.085784029,0.564820212,0.121645824,0.121982264
0.104430872,-2.094851968,-1.178386356,-1.852573682,2.114679742,0.56915827,0.116402012,0.116852147
0.082365341,-2.13652178,-1.141701403,-1.89820632,2.141829436,0.573331631,0.111357285,0.111396122
0.06190823,-2.179346253,-1.103676902,-1.946024113,2.167261592,0.577330356,0.106523657,0.105627183
0.04300135,-2.223320054,-1.064225838,-1.996000151,2.191006993,0.581144923,0.101912638,0.099559069
0.025586785,-2.268452721,-1.023242106,-2.048116532,2.213097308,0.584766246,0.09753521,0.09320623
0.00960798,-2.314770349,-0.980595826,-2.10236626,2.233563985,0.588185702,0.093401798,0.086583795
-0.00498942,-2.362318208,-0.936126667,-2.158756197,2.252437413,0.591395147,0.089522245,0.079707536
-0.018256939,-2.411164823,-0.889634131,-2.217311651,2.269746314,0.59438694,0.08590579,0.072593827
-0.030242805,-2.461408384,-0.840862975,-2.278083548,2.28551732,0.597153953,0.082561045,0.06525961
-0.040991621,-2.513186998,-0.789480666,-2.341159849,2.299774707,0.599689599,0.079495975,0.057722351
-0.064363822,-2.451804676,-0.907673919,-2.262323993,2.331182451,0.591926374,0.073474201,0.057722351
-0.052975988,-2.40324048,-0.951486986,-2.202114382,2.315810247,0.589588189,0.076692436,0.06525961
-0.040281856,-2.355921986,-0.993349716,-2.144056352,2.298833366,0.587036654,0.080204323,0.072593827
-0.026236068,-2.309791572,-1.033430004,-2.08815348,2.280232656,0.584277844,0.084001499,0.079707536
-0.010789952,-2.264809275,-1.071866027,-2.03441908,2.259986906,0.581318331,0.088074919,0.086583795
0.006107999,-2.220950177,-1.10877307,-1.982873158,2.238073173,0.578165162,0.092414885,0.09320623
0.024511493,-2.17820281,-1.144248211,-1.933540615,2.214467327,0.574825845,0.097011059,0.099559069
0.044475598,-2.136568206,-1.178373596,-1.886450253,2.189144807,0.571308335,0.101852498,0.105627183
0.066055661,-2.096059367,-1.211218776,-1.841634318,2.162081668,0.567621006,0.10692767,0.111396122
0.089305933,-2.056701005,-1.242842391,-1.799128383,2.133255925,0.563772641,0.11222449,0.116852147
0.114277864,-2.018529424,-1.273293426,-1.758971412,2.102649259,0.559772404,0.117730343,0.121982264
0.141018028,-1.981592487,-1.302612152,-1.721205905,2.070249095,0.555629822,0.123432119,0.126774257
0.169565629,-1.945949573,-1.330830859,-1.685878027,2.036051089,0.55135476,0.129316237,0.131216713
0.199949606,-1.911671478,-1.357974436,-1.653037643,2.000062017,0.546957399,0.135368685,0.135299053
0.232185324,-1.878840187,-1.384060857,-1.622738189,1.962303029,0.542448211,0.14157505,0.139011555
0.266270921,-1.84754847,-1.409101592,-1.595036307,1.922813209,0.537837934,0.147920552,0.142345378
0.302183426,-1.817899219,-1.433101982,-1.569991201,1.8816533,0.533137548,0.154390079,0.145292583
0.339874812,-1.790004482,-1.456061597,-1.547663632,1.838909398,0.528358246,0.160968223,0.147846151
0.435857778,-1.731017078,-1.510483149,-1.494132004,1.6964269,0.52351141,0.16763932,0.15
0.522115956,-1.69323307,-1.553018206,-1.466137704,1.570796327,0.519592842,0.173032767,0.15
0.534499764,-1.688511948,-1.55835547,-1.465521563,1.570796327,0.515674273,0.178426213,0.15
0.546944032,-1.683968794,-1.563468807,-1.46495138,1.570796327,0.511755705,0.18381966,0.15
0.559445548,-1.679605366,-1.568358855,-1.46442476,1.570796327,0.507837137,0.189213107,0.15
0.57200099,-1.675423403,-1.573026209,-1.463939369,1.570796327,0.503918568,0.194606553,0.15
0.571981263,-1.674448931,-1.574111066,-1.463828983,1.570796327,0.503572179,0.194371147,0.15
0.559386364,-1.677662146,-1.570529973,-1.464196861,1.570796327,0.507144357,0.188742294,0.15
0.546825972,-1.681062865,-1.56672774,-1.464598375,1.570796327,0.510716536,0.183113441,0.15
0.53430375,-1.684649637,-1.562703935,-1.465035408,1.570796327,0.514288715,0.177484589,0.15
0.521823279,-1.688420967,-1.558458088,-1.465509925,1.570796327,0.517860893,0.171855736,0.15
0.434420872,-1.719779503,-1.525495023,-1.48256572,1.697615032,0.521433072,0.166226883,0.15
0.336046516,-1.771602028,-1.482593016,-1.523226586,1.843225208,0.525851462,0.159264614,0.147846151
0.297155839,-1.796662548,-1.464276506,-1.541386385,1.887383936,0.530208288,0.152399355,0.145292583
0.259965769,-1.82359066,-1.444923136,-1.562344214,1.930080697,0.534493174,0.145647455,0.142345378
0.224552304,-1.852268947,-1.424534598,-1.586056015,1.971201351,0.538695916,0.139024993,0.139011555
0.19096341,-1.88258727,-1.403107575,-1.612477842,2.010659255,0.542806505,0.132547741,0.135299053
0.15922266,-1.914444179,-1.380633425,-1.641566998,2.048391941,0.546815153,0.126231123,0.131216713
0.129333063,-1.94774795,-1.357097891,-1.673282764,2.084357531,0.550712312,0.120090182,0.126774257
0.101280839,-1.982417294,-1.332480829,-1.707586759,2.118531105,0.554488703,0.114139543,0.121982264
0.075038967,-2.018381784,-1.306755959,-1.744442955,2.150901248,0.55813533,0.108393378,0.116852147
0.050570415,-2.055582063,-1.279890606,-1.783817402,2.181466879,0.561643511,0.102865369,0.111396122
0.027830973,-2.093969866,-1.251845443,-1.82567772,2.210234443,0.565004891,0.097568682,0.105627183
0.006771683,-2.133507917,-1.222574198,-1.869992397,2.237215503,0.568211465,0.092515931,0.099559069
-0.012659114,-2.174169721,-1.192023314,-1.916729972,2.262424731,0.571255595,0.087719148,0.09320623
-0.0305141,-2.215939312,-1.160131502,-1.965858164,2.285878276,0.574130034,0.083189758,0.086583795
-0.046845626,-2.25881099,-1.126829139,-2.017343046,2.307592497,0.576827935,0.078938546,0.079707536
-0.06170463,-2.302789114,-1.092037399,-2.071148365,2.327583012,0.579342874,0.074975636,0.072593827
-0.075139806,-2.347888022,-1.055666977,-2.127235155,2.345864031,0.581668861,0.071310467,0.06525961
-0.087196955,-2.394132201,-1.017616165,-2.185561823,2.362447937,0.583800358,0.067951766,0.057722351
-0.109432004,-2.338948213,-1.121871353,-2.109182956,2.393515066,0.57534362,0.062950465,0.057722351
-0.096671988,-2.294469761,-1.155258506,-2.052138439,2.375608869,0.573427224,0.066436376,0.06525961
-0.082459562,-2.251131854,-1.187036571,-1.99757123,2.355912867,0.571335964,0.070240363,0.072593827
-0.066748868,-2.208923843,-1.217281255,-1.945535945,2.334423355,0.569074821,0.074353367,0.079707536
-0.049491704,-2.167842802,-1.246063257,-1.89607653,2.311134924,0.566649179,0.078765593,0.086583795
-0.030638365,-2.127894386,-1.27344816,-1.849227927,2.286040973,0.564064816,0.083466533,0.09320623
-0.010138709,-2.089093612,-1.29949622,-1.805017936,2.259134537,0.561327884,0.088444993,0.099559069
0.012056497,-2.051465535,-1.324262132,-1.763469108,2.230409467,0.558444903,0.093689116,0.105627183
0.035993919,-2.015045777,-1.347794846,-1.724600555,2.19986197,0.555422738,0.099186414,0.111396122
0.061715648,-1.979880896,-1.370137432,-1.688429594,2.167492563,0.552268586,0.104923795,0.116852147
0.089256804,-1.946028577,-1.391327028,-1.654973137,2.133308419,0.548989959,0.110887596,0.121982264
0.118642754,-1.913557618,-1.41139486,-1.624248799,2.09732612,0.545594664,0.117063614,0.126774257
0.149885959,-1.882547692,-1.430366335,-1.596275653,2.059574771,0.542090788,0.123437141,0.131216713
0.182982488,-1.853088846,-1.448261191,-1.57107462,2.020099402,0.538486674,0.129993,0.135299053
0.217908329,-1.825280704,-1.465093711,-1.548668448,1.978964534,0.534790906,0.136715577,0.139011555
0.254615642,-1.799231323,-1.480872987,-1.529081269,1.936257722,0.531012285,0.143588863,0.142345378
0.293029202,-1.775055682,-1.495603235,-1.512337709,1.892092829,0.527159809,0.15059649,0.145292583
0.333043326,-1.752873759,-1.509284155,-1.498461559,1.846612715,0.523242654,0.15772177,0.147846151
0.433540201,-1.708342864,-1.540633237,-1.470940737,1.698327041,0.519270147,0.164947733,0.15
0.521775118,-1.683533671,-1.563957368,-1.464897941,1.570796327,0.516058456,0.170789777,0.15
0.534304484,-1.680729761,-1.567100726,-1.464558493,1.570796327,0.512846765,0.176631822,0.15
0.546856197,-1.678115779,-1.570023504,-1.464249697,1.570796327,0.509635073,0.182473866,0.15
0.559426432,-1.675692882,-1.572726022,-1.463970076,1.570796327,0.506423382,0.188315911,0.15
0.572011315,-1.673462157,-1.575208572,-1.463718251,1.570796327,0.503211691,0.194157955,0.15
0.572091144,-1.672466949,-1.576314391,-1.46360764,1.570796327,0.502838529,0.19396782,0.15
0.559566067,-1.673705231,-1.57493832,-1.46374543,1.570796327,0.505677057,0.187935639,0.15
0.547035647,-1.675138884,-1.573343064,-1.463907033,1.570796327,0.508515586,0.181903459,0.15
0.53450383,-1.676767242,-1.571528457,-1.464093282,1.570796327,0.511354114,0.175871279,0.15
0.521974549,-1.678589554,-1.56949431,-1.464305117,1.570796327,0.514192643,0.169839098,0.15
0.433234496,-1.696745052,-1.555840231,-1.459304466,1.69854685,0.517031172,0.163806918,0.15
0.330911859,-1.73387019,-1.53604274,-1.473455682,1.849016956,0.520542118,0.156345778,0.147846151
0.289861883,-1.753130511,-1.526980612,-1.482937966,1.895709553,0.524004144,0.148988598,0.145292583
0.250289575,-1.77452157,-1.516843969,-1.49534048,1.941258918,0.527409005,0.1417529,0.142345378
0.212331542,-1.797923694,-1.505629877,-1.510662294,1.98549342,0.530748592,0.134655915,0.139011555
0.176092256,-1.823219425,-1.493331256,-1.528901208,2.028271122,0.534014953,0.127714544,0.135299053
0.141646279,-1.850295969,-1.479936426,-1.550055323,2.069477974,0.53720031,0.120945318,0.131216713
0.10904131,-1.879047243,-1.465428702,-1.574124156,2.109025087,0.540297075,0.114364357,0.126774257
0.078301699,-1.909375538,-1.449786055,-1.601109285,2.14684545,0.543297874,0.107987334,0.121982264
0.049432133,-1.941192807,-1.432980831,-1.631014471,2.182890386,0.546195562,0.101829434,0.116852147
0.022421285,-1.974421606,-1.414979555,-1.663845289,2.217125987,0.548983237,0.095905324,0.111396122
-0.002754771,-2.008995723,-1.39574284,-1.699608227,2.249529729,0.55165426,0.09022911,0.105627183
-0.026129439,-2.044860511,-1.375225413,-1.738309288,2.280087365,0.554202271,0.084814311,0.099559069
-0.047742864,-2.081972946,-1.353376304,-1.779952096,2.308790207,0.556621201,0.079673822,0.09320623
-0.067639568,-2.120301402,-1.330139223,-1.824535537,2.335632801,0.558905291,0.074819884,0.086583795
-0.085866468,-2.159825158,-1.305453145,-1.872050971,2.360611049,0.5610491,0.070264058,0.079707536
-0.102471228,-2.20053361,-1.279253129,-1.92247911,2.383720741,0.563047524,0.066017192,0.072593827
-0.117500933,-2.242425183,-1.251471369,-1.975786658,2.404956516,0.564895803,0.0620894,0.06525961
-0.131001022,-2.28550595,-1.222038444,-2.031922895,2.424311202,0.566589535,0.058490036,0.057722351
-0.151825395,-2.233323539,-1.319198895,-1.952692889,2.454741889,0.557572651,0.054588082,0.057722351
-0.13754391,-2.191386143,-1.345146463,-1.89725539,2.433794932,0.556108267,0.058286694,0.06525961
-0.12165262,-2.150717343,-1.369330292,-1.845099735,2.410879444,0.554510264,0.062322789,0.072593827
-0.104107095,-2.111310532,-1.391825431,-1.796256174,2.386015888,0.552782447,0.066686757,0.079707536
-0.084862133,-2.073168286,-1.412706537,-1.750731433,2.359222472,0.55092893,0.071368205,0.086583795
-0.063873086,-2.03630398,-1.432045794,-1.708514331,2.330516016,0.548954129,0.076355984,0.09320623
-0.041097485,-2.000742861,-1.44991132,-1.669580924,2.299913308,0.546862746,0.081638215,0.099559069
-0.016497015,-1.966522664,-1.466366034,-1.633899022,2.267432935,0.544659761,0.08720232,0.105627183
0.009960155,-1.933693803,-1.481466926,-1.601431971,2.233097598,0.54235042,0.093035048,0.111396122
0.038296648,-1.902319199,-1.49526466,-1.572141685,2.196936856,0.539940225,0.099122508,0.116852147
0.0685228,-1.872473769,-1.507803451,-1.545990916,2.158990265,0.537434913,0.105450203,0.121982264
0.100633267,-1.844243587,-1.519121138,-1.52294481,2.119310814,0.534840451,0.112003065,0.126774257
0.134603413,-1.817724723,-1.529249414,-1.502971759,2.077968547,0.532163019,0.118765488,0.131216713
0.170385644,-1.793021737,-1.538214164,-1.48604362,2.035054164,0.529408991,0.125721367,0.135299053
0.207905909,-1.770245824,-1.546035885,-1.472135314,1.990682389,0.526584928,0.132854137,0.139011555
0.247060657,-1.749512585,-1.552730155,-1.461223884,1.94499477,0.523697553,0.140146812,0.142345378
0.287714584,-1.730939435,-1.558308165,-1.453287045,1.898161598,0.520753744,0.147582025,0.145292583
0.329699552,-1.714642687,-1.56277727,-1.44830134,1.85038257,0.517760511,0.155142069,0.147846151
0.433521251,-1.685025053,-1.571058468,-1.447705226,1.698259581,0.514724982,0.162808941,0.15
0.522423738,-1.673607405,-1.575047091,-1.463734484,1.570796327,0.512270818,0.16900745,0.15
0.534902897,-1.672777304,-1.575969658,-1.463642019,1.570796327,0.509816655,0.17520596,0.15
0.547364682,-1.67214372,-1.576673314,-1.463571946,1.570796327,0.507362491,0.18140447,0.15
0.559805193,-1.671706956,-1.57715813,-1.463523894,1.570796327,0.504908327,0.18760298,0.15
0.572220555,-1.671467218,-1.577424156,-1.463497607,1.570796327,0.502454164,0.19380149,0.15
0.572399154,-1.670466902,-1.578533487,-1.463388592,1.570796327,0.502060113,0.193659623,0.15
0.560143336,-1.669705902,-1.579376695,-1.463306384,1.570796327,0.504120227,0.187319246,0.15
0.547843068,-1.669141984,-1.580001126,-1.46324587,1.570796327,0.50618034,0.18097887,0.15
0.535502013,-1.668775419,-1.580406842,-1.463206719,1.570796327,0.508240453,0.174638493,0.15
0.523123894,-1.668606381,-1.580593885,-1.463188714,1.570796327,0.510300566,0.168298116,0.15
0.434416471,-1.673222963,-1.586230567,-1.436192114,1.697451787,0.51236068,0.161957739,0.15
0.32945435,-1.695243717,-1.589396915,-1.423096487,1.850654309,0.514908812,0.154115394,0.147846151
0.286650138,-1.708535731,-1.589486192,-1.423492702,1.899374816,0.51742144,0.146382322,0.145292583
0.245006023,-1.724256067,-1.588426306,-1.426843923,1.947371909,0.519892579,0.138776937,0.142345378
0.204721493,-1.742295164,-1.586204785,-1.43319836,1.994419406,0.522316345,0.131317352,0.139011555
0.165963707,-1.762538508,-1.582805625,-1.442603652,2.040319084,0.524686966,0.124021333,0.135299053
0.128867148,-1.784869925,-1.578208629,-1.455109058,2.08490141,0.526998795,0.116906253,0.131216713
0.093534774,-1.809174646,-1.572388751,-1.470767325,2.128024717,0.529246328,0.109989057,0.126774257
0.060040313,-1.835342098,-1.565315467,-1.489636096,2.169573124,0.531424213,0.103286218,0.121982264
0.028431334,-1.863268362,-1.556952165,-1.511778764,2.209453577,0.533527261,0.096813699,0.116852147
-0.00126724,-1.892858322,-1.547255587,-1.537264655,2.247592348,0.535550467,0.090586914,0.111396122
-0.029049459,-1.924027472,-1.536175366,-1.566168463,2.283931281,0.53748901,0.084620691,0.105627183
-0.054924749,-1.956703428,-1.523653692,-1.598568812,2.318424042,0.539338275,0.078929239,0.099559069
-0.078914523,-1.990827096,-1.509625196,-1.634545849,2.351032549,0.541093857,0.073526112,0.09320623
-0.101049116,-2.026353506,-1.494017146,-1.674177737,2.381723719,0.542751577,0.068424176,0.086583795
-0.121365079,-2.063252226,-1.476750066,-1.717535954,2.410466636,0.544307485,0.063635583,0.079707536
-0.139902855,-2.101507279,-1.457738922,-1.764679302,2.437230204,0.545757877,0.059171736,0.072593827
-0.156704823,-2.141116434,-1.436895006,-1.815646645,2.461981345,0.547099298,0.055043265,0.06525961
-0.171813671,-2.182089737,-1.414128653,-1.870448458,2.484683785,0.548328555,0.051260002,0.057722351
-0.190858849,-2.131622038,-1.507407958,-1.784107361,2.513975219,0.538893728,0.048518932,0.057722351
-0.174871415,-2.091484819,-1.52717296,-1.730035198,2.489333287,0.53790445,0.052371915,0.06525961
-0.157104314,-2.052811689,-1.544827067,-1.680450068,2.462574455,0.536824904,0.056576468,0.072593827
-0.137517507,-2.015588185,-1.560482546,-1.635274044,2.433753199,0.535657662,0.061122577,0.079707536
-0.116072602,-1.979816911,-1.574248091,-1.594398864,2.402919194,0.534405502,0.065999418,0.086583795
-0.09273481,-1.945518302,-1.586225787,-1.557697783,2.370119116,0.533071407,0.071195374,0.09320623
-0.067475263,-1.91273043,-1.596509303,-1.525035072,2.335399101,0.531658554,0.076698074,0.099559069
-0.040273724,-1.881508108,-1.605183005,-1.496273277,2.298807774,0.530170307,0.082494411,0.105627183
-0.011121651,-1.851921513,-1.612321763,-1.471278476,2.26039973,0.528610211,0.088570583,0.111396122
0.019974407,-1.824054438,-1.617991206,-1.449923812,2.220239358,0.526981982,0.09491212,0.116852147
0.052989188,-1.798002262,-1.622248272,-1.432091585,2.178404843,0.525289495,0.101503918,0.121982264
0.087875021,-1.77386966,-1.62514192,-1.417674146,2.134992166,0.523536783,0.108330281,0.126774257
0.124558272,-1.751768068,-1.626713929,-1.406573807,2.09011884,0.52172802,0.115374951,0.131216713
0.162936214,-1.731812885,-1.626999717,-1.398701947,2.043927109,0.519867511,0.122621152,0.135299053
0.202874665,-1.714120435,-1.626029156,-1.393977467,1.996586241,0.51795969,0.130051627,0.139011555
0.244206757,-1.69880471,-1.623827367,-1.392324743,1.948293584,0.516009098,0.137648681,0.142345378
0.286733192,-1.685973939,-1.62041549,-1.393671232,1.899274029,0.514020381,0.145394223,0.145292583
0.330224278,-1.675727119,-1.615811428,-1.397944888,1.849777655,0.511998275,0.153269805,0.147846151
0.435934383,-1.661380002,-1.601299424,-1.42481485,1.696111711,0.509947595,0.161256674,0.15
0.524075209,-1.66360594,-1.586112941,-1.462670099,1.570796327,0.508289663,0.167713895,0.15
0.536300687,-1.664777255,-1.584822575,-1.46278915,1.570796327,0.50663173,0.174171116,0.15
0.548469961,-1.666145481,-1.583313401,-1.462930099,1.570796327,0.504973798,0.180628337,0.15
0.56057962,-1.66770996,-1.58158527,-1.46309375,1.570796327,0.503315865,0.187085558,0.15
0.572626349,-1.66946995,-1.579638008,-1.463281022,1.570796327,0.501657933,0.193542779,0.15
0.57290135,-1.668480309,-1.580733365,-1.463175306,1.570796327,0.501249209,0.193451418,0.15
0.561112761,-1.665727042,-1.583775161,-1.462886778,1.570796327,0.502498418,0.186902837,0.15
0.54924389,-1.663166083,-1.586597121,-1.462625777,1.570796327,0.503747626,0.180354255,0.15
0.537297585,-1.660798623,-1.589199536,-1.462390821,1.570796327,0.504996835,0.173805673,0.15
0.525276815,-1.658625783,-1.591582668,-1.462180529,1.570796327,0.506246044,0.167257092,0.15
0.438087128,-1.649538512,-1.616208335,-1.413623603,1.694229562,0.507495253,0.16070851,0.15
0.332056917,-1.656148395,-1.641931068,-1.372956227,1.847699568,0.509040386,0.152608639,0.147846151
0.288029752,-1.663310291,-1.650997118,-1.363947994,1.8977838,0.51056399,0.144621628,0.145292583
0.244747645,-1.673212704,-1.658828039,-1.357803327,1.947660331,0.512062436,0.136766498,0.142345378
0.202468199,-1.685771512,-1.665400475,-1.35461583,1.997058902,0.513532156,0.129061956,0.139011555
0.161422181,-1.700888809,-1.670688094,-1.354481031,2.045730213,0.514969649,0.12152635,0.135299053
0.121809607,-1.718456309,-1.674660809,-1.357499395,2.09345007,0.516371494,0.114177625,0.131216713
0.083797791,-1.738358916,-1.677283928,-1.363779345,2.140021535,0.51773435,0.107033283,0.126774257
0.047521177,-1.760478285,-1.678517232,-1.373440119,2.185275214,0.519054972,0.100110337,0.121982264
0.013082668,-1.784696328,-1.67831396,-1.386614273,2.229067931,0.520330216,0.093425274,0.116852147
-0.019443919,-1.810898585,-1.676619718,-1.403449647,2.271280118,0.521557045,0.086994014,0.111396122
-0.050010638,-1.838977461,-1.673371308,-1.424110597,2.31181229,0.522732536,0.080831873,0.105627183
-0.078591793,-1.868835345,-1.668495528,-1.448778238,2.350580936,0.523853891,0.074953525,0.099559069
-0.105180183,-1.900387615,-1.661908012,-1.477649393,2.387514125,0.524918439,0.06937297,0.09320623
-0.129783441,-1.933565511,-1.653512248,-1.510933835,2.422547078,0.525923644,0.064103498,0.086583795
-0.15242061,-1.968318851,-1.643198971,-1.548849335,2.455617908,0.526867114,0.059157657,0.079707536
-0.173119058,-2.004618409,-1.630846229,-1.591613889,2.486663703,0.527746601,0.054547226,0.072593827
-0.191911755,-2.042457742,-1.616320535,-1.639434483,2.515617121,0.52856001,0.050283185,0.06525961
-0.208834953,-2.081854023,-1.599479594,-1.692491767,2.542403662,0.529305405,0.046375688,0.057722351
-0.225592664,-2.032843184,-1.690676493,-1.594287012,2.569689264,0.519601427,0.044838728,0.057722351
-0.207669771,-1.994105719,-1.70457991,-1.542779352,2.540533645,0.519102857,0.048785319,0.06525961
-0.187784298,-1.956998827,-1.715962633,-1.497341397,2.509187306,0.518558794,0.053092021,0.072593827
-0.165905209,-1.921508708,-1.725003182,-1.457645138,2.475745401,0.517970534,0.057748577,0.079707536
-0.142006733,-1.887653042,-1.731862822,-1.423350823,2.440292849,0.517339478,0.062743899,0.086583795
-0.1160711,-1.855477311,-1.73668423,-1.394124528,2.402908466,0.516667129,0.068066091,0.09320623
-0.088091665,-1.825050535,-1.739591902,-1.369649485,2.363669668,0.515955088,0.073702477,0.099559069
-0.058076385,-1.796460894,-1.740693537,-1.349632693,2.32265748,0.51520505,0.079639636,0.105627183
-0.026051545,-1.769811459,-1.740081866,-1.333808083,2.279961659,0.514418802,0.085863427,0.111396122
0.007934412,-1.745216088,-1.737836606,-1.321937252,2.235685708,0.513598217,0.09235903,0.116852147
0.043807152,-1.72279548,-1.734026346,-1.313808495,2.189951527,0.512745248,0.099110975,0.121982264
0.081463136,-1.70267333,-1.728710272,-1.309234679,2.142903422,0.511861927,0.106103183,0.126774257
0.120767036,-1.684972529,-1.721939689,-1.308050329,2.094711119,0.510950357,0.113319002,0.131216713
0.161550297,-1.669811398,-1.713759354,-1.310108201,2.045571447,0.510012709,0.120741248,0.135299053
0.203611199,-1.657299953,-1.704208621,-1.315275571,1.995708338,0.509051216,0.128352245,0.139011555
0.246716747,-1.647536289,-1.693322435,-1.323430426,1.945370897,0.508068169,0.136133868,0.142345378
0.290606559,-1.640603176,-1.681132205,-1.334457747,1.89482941,0.507065907,0.144067586,0.145292583
0.334998743,-1.636565034,-1.667666562,-1.348246076,1.844369377,0.506046818,0.152134504,0.147846151
0.440884429,-1.637741956,-1.63090113,-1.402668783,1.69179781,0.505013329,0.160315412,0.15
0.526726735,-1.653685781,-1.596981715,-1.461721485,1.570796327,0.504177774,0.16692951,0.15
0.538490502,-1.656855413,-1.593520592,-1.462012975,1.570796327,0.50334222,0.173543608,0.15
0.55016275,-1.660215682,-1.589839398,-1.4623339,1.570796327,0.502506665,0.180157706,0.15
0.561741066,-1.663765045,-1.585937752,-1.462686183,1.570796327,0.50167111,0.186771804,0.15
0.573223171,-1.667501905,-1.581815242,-1.463071833,1.570796327,0.500835555,0.193385902,0.15
0.573590633,-1.666538631,-1.582879376,-1.462970974,1.570796327,0.500418603,0.193346488,0.15
0.562462429,-1.661831822,-1.588064547,-1.462492612,1.570796327,0.500837207,0.186692977,0.15
0.551223791,-1.657306145,-1.593027523,-1.462055311,1.570796327,0.50125581,0.180039465,0.15
0.539876339,-1.652963535,-1.597768855,-1.46165659,1.570796327,0.501674414,0.173385954,0.15
0.528421842,-1.648805899,-1.602289049,-1.461294032,1.570796327,0.502093017,0.166732442,0.15
0.444333231,-1.626034889,-1.645322299,-1.392000807,1.688811494,0.502511621,0.160078931,0.15
0.339094323,-1.617036836,-1.692929087,-1.32393569,1.839739819,0.503029387,0.151849273,0.147846151
0.294530265,-1.617913643,-1.710721827,-1.305344749,1.89033806,0.503539939,0.143734284,0.145292583
0.250204729,-1.621834378,-1.727203813,-1.289371183,1.941323449,0.50404206,0.135753289,0.142345378
0.206418795,-1.628759617,-1.742341478,-1.276139183,1.992401488,0.504534556,0.127925295,0.139011555
0.16345918,-1.638627371,-1.756098556,-1.265778124,2.043285625,0.505016253,0.120268944,0.135299053
0.121590463,-1.651355353,-1.768435406,-1.258426381,2.093704953,0.505486004,0.112802468,0.131216713
0.08104913,-1.666843851,-1.779308192,-1.254235729,2.143410145,0.50594269,0.10554365,0.126774257
0.042039678,-1.684979043,-1.788667912,-1.253376185,2.192177303,0.506385224,0.098509776,0.121982264
0.004732792,-1.705636619,-1.796459204,-1.256041116,2.239809656,0.506812551,0.091717596,0.116852147
-0.030734621,-1.728685633,-1.802618898,-1.262452442,2.28613721,0.507223655,0.085183286,0.111396122
-0.064257847,-1.753992555,-1.807074227,-1.272865766,2.331014634,0.507617557,0.078922407,0.105627183
-0.095761646,-1.781425568,-1.809740663,-1.287575162,2.374317688,0.507993317,0.072949868,0.099559069
-0.125196783,-1.810859209,-1.810519299,-1.306917306,2.415938553,0.508350041,0.067279895,0.09320623
-0.152536177,-1.842179507,-1.80929382,-1.331274363,2.455780379,0.508686881,0.061925988,0.086583795
-0.177770951,-1.875289775,-1.805927106,-1.361074802,2.493751313,0.509003032,0.056900899,0.079707536
-0.200906615,-1.910117185,-1.800257758,-1.39679077,2.529758246,0.509297744,0.052216594,0.072593827
-0.221959523,-1.946620137,-1.792097019,-1.438930077,2.5637005,0.509570313,0.047884228,0.06525961
-0.240953694,-1.984796122,-1.781227039,-1.488020044,2.595463709,0.509820091,0.04391412,0.057722351
-0.254703466,-1.938109029,-1.871240598,-1.372071071,2.619244042,0.5,0.043605511,0.057722351
-0.234557785,-1.900336776,-1.878910324,-1.32670837,2.584631664,0.5,0.047583469,0.06525961
-0.212254517,-1.864241222,-1.883721044,-1.289153416,2.547897384,0.5,0.0519244,0.072593827
-0.187778938,-1.829863547,-1.885926838,-1.258627965,2.50917029,0.5,0.056617967,0.079707536
-0.161126887,-1.79728799,-1.885738529,-1.234427296,2.468562819,0.5,0.061652992,0.086583795
-0.132308393,-1.766629041,-1.883330464,-1.21592768,2.42617935,0.5,0.067017484,0.09320623
-0.10135162,-1.738021027,-1.878847269,-1.202585582,2.382124317,0.5,0.072698668,0.099559069
-0.068306954,-1.711609749,-1.872409827,-1.1939324,2.336509655,0.5,0.078683015,0.105627183
-0.033251021,-1.687545728,-1.864120256,-1.18956708,2.289461425,0.5,0.084956273,0.111396122
0.00370967,-1.665978593,-1.854065907,-1.189147891,2.241125392,0.5,0.091503503,0.116852147
0.042435825,-1.647052276,-1.842322486,-1.192384086,2.191671314,0.5,0.098309112,0.121982264
0.082753631,-1.63090076,-1.828956458,-1.199027792,2.141295601,0.5,0.105356894,0.126774257
0.1244546,-1.617644231,-1.814026897,-1.208866313,2.090222061,0.5,0.112630064,0.131216713
0.167297347,-1.607385595,-1.797586897,-1.221714967,2.03870045,0.5,0.120111301,0.135299053
0.211011521,-1.600207404,-1.779684669,-1.237410526,1.987002737,0.5,0.127782791,0.139011555
0.255303892,-1.596169273,-1.760364398,-1.255805386,1.935417149,0.5,0.135626262,0.142345378
0.299866357,-1.595305965,-1.739666928,-1.276762557,1.884240337,0.5,0.143623037,0.145292583
0.344385347,-1.59762626,-1.717630296,-1.300151591,1.833768237,0.5,0.151754071,0.147846151
0.448437334,-1.61446292,-1.659417135,-1.381669833,1.685268544,0.5,0.16,0.15
0.530357823,-1.644006125,-1.607484034,-1.460898821,1.570796327,0.5,0.166666667,0.15
0.541451091,-1.649138858,-1.601927747,-1.461322375,1.570796327,0.5,0.173333333,0.15
0.552423614,-1.654449263,-1.596149016,-1.461790701,1.570796327,0.5,0.18,0.15
0.563274341,-1.659935148,-1.590147193,-1.462306639,1.570796327,0.5,0.186666667,0.15
0.574002367,-1.665594325,-1.583921578,-1.462873077,1.570796327,0.5,0.193333333,0.15
0.574456814,-1.664672763,-1.584937747,-1.46277847,1.570796327,0.499581397,0.193346488,0.15
0.564173885,-1.658082692,-1.592177521,-1.462128768,1.570796327,0.499162793,0.186692977,0.15
0.55375817,-1.651656701,-1.599191672,-1.461540608,1.570796327,0.49874419,0.180039465,0.15
0.543209827,-1.645397134,-1.605981065,-1.461010781,1.570796327,0.498325586,0.173385954,0.15
0.53252915,-1.639306377,-1.612546504,-1.460536099,1.570796327,0.497906983,0.166732442,0.15
0.453197006,-1.603072641,-1.673131883,-1.371725456,1.681170111,0.497488379,0.160078931,0.15
0.350909484,-1.578398778,-1.741682393,-1.277024931,1.826417947,0.496970613,0.151849273,0.147846151
0.306677812,-1.572848243,-1.767868315,-1.248873499,1.876471954,0.496460061,0.143734284,0.145292583
0.262106824,-1.570607491,-1.79269529,-1.22292726,1.927554121,0.49595794,0.135753289,0.142345378
0.217514257,-1.57170417,-1.816121391,-1.199315253,1.97937589,0.495465444,0.127925295,0.139011555
0.173222783,-1.576137859,-1.838101524,-1.178173844,2.031638211,0.494983747,0.120268944,0.135299053
0.129549465,-1.583879714,-1.858587066,-1.15965088,2.084041605,0.494513996,0.112802468,0.131216713
0.086795951,-1.594873022,-1.877525382,-1.143911109,2.136295643,0.49405731,0.10554365,0.126774257
0.045240155,-1.609034555,-1.894859179,-1.131142823,2.188127018,0.493614776,0.098509776,0.121982264
0.005129969,-1.626256597,-1.910525645,-1.121565727,2.239285597,0.493187449,0.091717596,0.116852147
-0.033320735,-1.64640951,-1.924455263,-1.115440007,2.289548094,0.492776345,0.085183286,0.111396122
-0.069933854,-1.669344775,-1.936570185,-1.11307665,2.338719272,0.492382443,0.078922407,0.105627183
-0.10456677,-1.69489852,-1.94678193,-1.114849131,2.386630767,0.492006683,0.072949868,0.099559069
-0.137110432,-1.722895696,-1.954988194,-1.12120659,2.433137784,0.491649959,0.067279895,0.09320623
-0.16748625,-1.753155172,-1.961068392,-1.132688624,2.478113907,0.491313119,0.061925988,0.086583795
-0.19564223,-1.785496285,-1.964877567,-1.149941587,2.521444301,0.490996968,0.056900899,0.079707536
-0.221548761,-1.819747579,-1.96623819,-1.173735831,2.563017416,0.490702256,0.052216594,0.072593827
-0.245194338,-1.855758824,-1.964929475,-1.204982236,2.602715273,0.490429687,0.047884228,0.06525961
-0.266581486,-1.89341767,-1.960674117,-1.24474442,2.640402277,0.490179909,0.04391412,0.057722351
-0.276268497,-1.851640078,-2.049283802,-1.104437651,2.658133928,0.480398573,0.044838728,0.057722351
-0.253539106,-1.813564876,-2.049910021,-1.072819467,2.617192595,0.480897143,0.048785319,0.06525961
-0.228449638,-1.777111355,-2.047580828,-1.050085416,2.57440861,0.481441206,0.053092021,0.072593827
-0.20101348,-1.742500694,-2.04257174,-1.034897173,2.529912562,0.482029466,0.057748577,0.079707536
-0.171262171,-1.709971413,-2.035095234,-1.026165864,2.483820469,0.482660522,0.062743899,0.086583795
-0.139249881,-1.679763066,-2.025319781,-1.023008414,2.436246902,0.483332871,0.068066091,0.09320623
-0.10505788,-1.652105859,-2.013383129,-1.02470952,2.387315546,0.484044912,0.073702477,0.099559069
-0.068798658,-1.627213874,-1.999401382,-1.030689944,2.337167559,0.48479495,0.079639636,0.105627183
-0.03061928,-1.605280434,-1.983475096,-1.040480458,2.285967801,0.485581198,0.085863427,0.111396122
0.009296484,-1.586474741,-1.965693324,-1.053700404,2.233908844,0.486401783,0.09235903,0.116852147
0.050727747,-1.570939309,-1.946136273,-1.070039902,2.181212562,0.487254752,0.099110975,0.121982264
0.093418227,-1.558787928,-1.92487705,-1.08924494,2.128129127,0.488138073,0.106103183,0.126774257
0.137080371,-1.550104098,-1.901982799,-1.111104783,2.074933307,0.489049643,0.113319002,0.131216713
0.181401915,-1.544939967,-1.877515475,-1.13544137,2.021918197,0.489987291,0.120741248,0.135299053
0.226054618,-1.543315889,-1.851532365,-1.162100503,1.969386769,0.490948784,0.128352245,0.139011555
0.270704593,-1.545220734,-1.82408646,-1.190944712,1.917641905,0.491931831,0.136133868,0.142345378
0.315023419,-1.550613064,-1.795226721,-1.22184775,1.866975806,0.492934093,0.144067586,0.145292583
0.358699057,-1.559423217,-1.764998248,-1.254690609,1.817659762,0.493953182,0.152134504,0.147846151
0.458608598,-1.591911529,-1.686413902,-1.362216372,1.676520881,0.494986671,0.160315412,0.15
0.534929057,-1.634726422,-1.617456838,-1.46020572,1.570796327,0.495822226,0.16692951,0.15
0.545146692,-1.641753937,-1.609913038,-1.460722005,1.570796327,0.49665778,0.173543608,0.15
0.555222763,-1.648939945,-1.602143607,-1.461305428,1.570796327,0.497493335,0.180157706,0.15
0.565157748,-1.656281975,-1.594147573,-1.461959432,1.570796327,0.49832889,0.186771804,0.15
0.574952237,-1.663777636,-1.585923887,-1.462687457,1.570796327,0.499164445,0.193385902,0.15
0.575486721,-1.662912538,-1.586876119,-1.462600323,1.570796327,0.498750791,0.193451418,0.15
0.566222229,-1.654540348,-1.596049632,-1.461799,1.570796327,0.497501582,0.186902837,0.15
0.55681206,-1.646310257,-1.604993305,-1.461085419,1.570796327,0.496252374,0.180354255,0.15
0.547254901,-1.638224587,-1.613708387,-1.460456007,1.570796327,0.495003165,0.173805673,0.15
0.537549529,-1.630285778,-1.622196033,-1.45990717,1.570796327,0.493753956,0.167257092,0.15
0.464664166,-1.581027813,-1.699211835,-1.353190016,1.671329393,0.492504747,0.16070851,0.15
0.367779527,-1.540772083,-1.787491564,-1.23328612,1.807473667,0.490959614,0.152608639,0.147846151
0.324955754,-1.528678197,-1.821642934,-1.195861999,1.855704346,0.48943601,0.144621628,0.145292583
0.281184386,-1.520086991,-1.854426836,-1.160077953,1.905596432,0.487937564,0.136766498,0.142345378
0.236760607,-1.515115106,-1.885795874,-1.12603374,1.956906546,0.486467844,0.129061956,0.139011555
0.192007781,-1.513853318,-1.915697721,-1.093835099,2.009360019,0.485030351,0.12152635,0.135299053
0.147267149,-1.516362673,-1.944075095,-1.063597225,2.062660314,0.483628506,0.114177625,0.131216713
0.102886238,-1.522671374,-1.97086569,-1.035449968,2.116499898,0.48226565,0.107033283,0.126774257
0.059207047,-1.532772458,-1.996002063,-1.009544941,2.170571544,0.480945028,0.100110337,0.121982264
0.016555041,-1.546622207,-2.01941147,-0.986064723,2.224578982,0.479669784,0.093425274,0.116852147
-0.024770125,-1.564139146,-2.041015603,-0.965234316,2.27824592,0.478442955,0.086994014,0.111396122
-0.064501536,-1.585203501,-2.060730133,-0.947335193,2.331322711,0.477267464,0.080831873,0.105627183
-0.102409326,-1.609656994,-2.078463893,-0.932722417,2.383590242,0.476146109,0.074953525,0.099559069
-0.138302398,-1.637302902,-2.094117388,-0.921845721,2.4348609,0.475081561,0.06937297,0.09320623
-0.172027869,-1.667906495,-2.107580175,-0.915275924,2.484976672,0.474076356,0.064103498,0.086583795
-0.203468709,-1.701196074,-2.118726342,-0.913738839,2.533804523,0.473132886,0.059157657,0.079707536
-0.232540079,-1.736865221,-2.12740691,-0.918159804,2.581229135,0.472253399,0.054547226,0.072593827
-0.259184908,-1.77457737,-2.133437278,-0.929723163,2.627142858,0.47143999,0.050283185,0.06525961
-0.283369129,-1.813974916,-2.136576799,-0.949952259,2.671432335,0.470694595,0.046375688,0.057722351
-0.287388105,-1.781794151,-2.221797672,-0.7809626,2.67907968,0.461106272,0.048518932,0.057722351
-0.261624015,-1.739660076,-2.214941419,-0.77593667,2.631479799,0.46209555,0.052371915,0.06525961
-0.233302948,-1.699513611,-2.205284182,-0.778520867,2.582502583,0.463175096,0.056576468,0.072593827
-0.202485795,-1.661841107,-2.193005514,-0.787195872,2.532236674,0.464342338,0.061122577,0.079707536
-0.169262079,-1.627059311,-2.178251956,-0.800822577,2.480779912,0.465594498,0.065999418,0.086583795
-0.13375476,-1.595518752,-2.161151476,-0.818538356,2.428250594,0.466928593,0.071195374,0.09320623
-0.096124231,-1.567507507,-2.141820908,-0.839686422,2.374795322,0.468341446,0.076698074,0.099559069
-0.056570967,-1.543254884,-2.120369553,-0.863765954,2.320593847,0.469829693,0.082494411,0.105627183
-0.015336225,-1.522934903,-2.096900699,-0.890395417,2.265860954,0.471389789,0.088570583,0.111396122
0.027299715,-1.50666956,-2.071512066,-0.919284534,2.21084526,0.473018018,0.09491212,0.116852147
0.071022117,-1.494531927,-2.044295766,-0.950212163,2.155824872,0.474710505,0.101503918,0.121982264
0.115489214,-1.486549196,-2.015338082,-0.983008505,2.10110005,0.476463217,0.108330281,0.126774257
0.160342202,-1.48270584,-1.984719247,-1.017540748,2.046983358,0.47827198,0.115374951,0.131216713
0.205217082,-1.482947069,-1.952513281,-1.053701632,1.993788074,0.480132489,0.122621152,0.135299053
0.249757375,-1.487182733,-1.918787899,-1.091400622,1.941815963,0.48204031,0.130051627,0.139011555
0.293626514,-1.495291788,-1.883604472,-1.130557435,1.891345586,0.483990902,0.137648681,0.142345378
0.336518776,-1.507127292,-1.847018008,-1.171097656,1.84262227,0.485979619,0.145394223,0.145292583
0.378167812,-1.522521844,-1.809077104,-1.212950148,1.795850627,0.488001725,0.153269805,0.147846151
0.471351109,-1.570470298,-1.711475792,-1.344692159,1.665608319,0.490052405,0.161256674,0.15
0.5403813,-1.626003622,-1.626745769,-1.45963959,1.570796327,0.491710337,0.167713895,0.15
0.549526754,-1.634824075,-1.617352379,-1.460212527,1.570796327,0.49336827,0.174171116,0.15
0.558520096,-1.643778613,-1.607729658,-1.460880709,1.570796327,0.495026202,0.180628337,0.15
0.567363247,-1.652864951,-1.597876253,-1.461647776,1.570796327,0.496684135,0.187085558,0.15
0.576058184,-1.662080949,-1.587790702,-1.462517329,1.570796327,0.498342067,0.193542779,0.15
0.576664382,-1.661286223,-1.588664042,-1.462438715,1.570796327,0.497939887,0.193659623,0.15
0.568576359,-1.651262684,-1.599620294,-1.461506002,1.570796327,0.495879773,0.187319246,0.15
0.560340296,-1.64135566,-1.610342011,-1.46069131,1.570796327,0.49381966,0.18097887,0.15
0.551953641,-1.631566988,-1.620830886,-1.459991106,1.570796327,0.491759547,0.174638493,0.15
0.543413856,-1.621898684,-1.631088481,-1.459401816,1.570796327,0.489699434,0.168298116,0.15
0.478651842,-1.560288152,-1.723157552,-1.336766499,1.65937472,0.48763932,0.161957739,0.15
0.389870441,-1.50475313,-1.829670967,-1.193820888,1.782794476,0.485091188,0.154115394,0.147846151
0.349745039,-1.486050574,-1.871253547,-1.147738608,1.827709516,0.48257856,0.146382322,0.145292583
0.308100706,-1.470929554,-1.91150682,-1.102621059,1.874833386,0.480107421,0.138776937,0.142345378
0.265162873,-1.459610205,-1.95038234,-1.058501778,1.924010566,0.477683655,0.131317352,0.139011555
0.221205781,-1.452301017,-1.987823404,-1.015413218,1.975037415,0.475313034,0.124021333,0.135299053
0.176546902,-1.44919238,-2.023765022,-0.973388031,2.027666608,0.473001205,0.116906253,0.131216713
0.131538037,-1.450450104,-2.058133867,-0.932462066,2.081614969,0.470753672,0.109989057,0.126774257
0.086553664,-1.456209056,-2.090848249,-0.892679476,2.136574195,0.468575787,0.103286218,0.121982264
0.041977573,-1.466566979,-2.121818194,-0.854100329,2.192223552,0.466472739,0.096813699,0.116852147
-0.001810951,-1.481578457,-2.150945731,-0.816811002,2.2482433,0.464449533,0.090586914,0.111396122
-0.044450063,-1.501248856,-2.178125466,-0.780937639,2.304327505,0.46251099,0.084620691,0.105627183
-0.085606267,-1.525528062,-2.203245522,-0.746662998,2.360195064,0.460661725,0.078929239,0.099559069
-0.124982513,-1.554303801,-2.226188877,-0.714247211,2.415598037,0.458906143,0.073526112,0.09320623
-0.162323135,-1.587394395,-2.246835055,-0.684053497,2.470326812,0.457248423,0.068424176,0.086583795
-0.197415696,-1.624540814,-2.265061964,-0.656580854,2.524211968,0.455692515,0.063635583,0.079707536
-0.230090136,-1.665397813,-2.280747458,-0.63250761,2.577122966,0.454242123,0.059171736,0.072593827
-0.260215811,-1.709523604,-2.293769697,-0.612753174,2.628963883,0.452900702,0.055043265,0.06525961
-0.287697078,-1.756366759,-2.304004556,-0.598571723,2.679666217,0.451671445,0.051260002,0.057722351
-0.283487565,-1.738419703,-2.382280725,-0.405732117,2.671639869,0.442427349,0.054588082,0.057722351
-0.254141505,-1.684461317,-2.369327515,-0.442701685,2.618226551,0.443891733,0.058286694,0.06525961
-0.222079986,-1.634531694,-2.3533893,-0.482318812,2.563862154,0.445489736,0.062322789,0.072593827
-0.187443622,-1.589141496,-2.334593481,-0.523828001,2.50861724,0.447217553,0.066686757,0.079707536
-0.150414925,-1.548674302,-2.313083705,-0.566679466,2.452605764,0.44907107,0.071368205,0.086583795
-0.111221625,-1.513398536,-2.289012414,-0.610484394,2.395987928,0.451045871,0.076355984,0.09320623
-0.070137668,-1.483479848,-2.262534422,-0.654981409,2.338970414,0.453137254,0.081638215,0.099559069
-0.027481203,-1.458993829,-2.233801768,-0.700008766,2.281803497,0.455340239,0.08720232,0.105627183
0.016390884,-1.439938473,-2.20295988,-0.745480169,2.224774752,0.45764958,0.093035048,0.111396122
0.061091972,-1.426245865,-2.170144943,-0.791363665,2.168199389,0.460059775,0.099122508,0.116852147
0.106217828,-1.417792853,-2.1354823,-0.83766362,2.112407738,0.462565087,0.105450203,0.121982264
0.15136093,-1.414410732,-2.099085642,-0.884405917,2.05773088,0.465159549,0.112003065,0.126774257
0.196125659,-1.41589412,-2.061056781,-0.931626433,2.004485763,0.467836981,0.118765488,0.131216713
0.240142847,-1.42200927,-2.021485787,-0.979362693,1.95296134,0.470591009,0.125721367,0.135299053
0.283082219,-1.432501961,-1.980451332,-1.027648428,1.903407066,0.473415072,0.132854137,0.139011555
0.324661636,-1.447105027,-1.938021086,-1.076510616,1.856024793,0.476302447,0.140146812,0.142345378
0.364652549,-1.465545445,-1.894252075,-1.125968512,1.810964506,0.479246256,0.147582025,0.145292583
0.402881615,-1.487550836,-1.849190935,-1.176034123,1.768323843,0.482239489,0.155142069,0.147846151
0.486543514,-1.550530635,-1.734210765,-1.329454215,1.652650249,0.485275018,0.162808941,0.15
0.546635464,-1.617989148,-1.63520742,-1.459192412,1.570796327,0.487729182,0.16900745,0.15
0.554526076,-1.628467435,-1.624130436,-1.45979111,1.570796327,0.490183345,0.17520596,0.15
0.562265497,-1.639051655,-1.6128202,-1.460517126,1.570796327,0.492637509,0.18140447,0.15
0.569856771,-1.649740176,-1.601274936,-1.461373869,1.570796327,0.495091673,0.18760298,0.15
0.577302917,-1.660531572,-1.589492709,-1.462364699,1.570796327,0.497545836,0.19380149,0.15
0.577971249,-1.659820051,-1.59027345,-1.462295479,1.570796327,0.497161471,0.19396782,0.15
0.571199361,-1.648303751,-1.602833716,-1.461251513,1.570796327,0.494322943,0.187935639,0.15
0.564287969,-1.636876417,-1.615154591,-1.460357972,1.570796327,0.491484414,0.181903459,0.15
0.557233718,-1.625538968,-1.627238257,-1.459611755,1.570796327,0.488645886,0.175871279,0.15
0.550033195,-1.614292545,-1.639086714,-1.459009721,1.570796327,0.485807357,0.169839098,0.15
0.49499779,-1.541246791,-1.744591175,-1.322793531,1.645461286,0.482968828,0.163806918,0.15
0.417181218,-1.471004065,-1.867556869,-1.159721092,1.752474034,0.479457882,0.156345778,0.147846151
0.381241326,-1.445716943,-1.915917507,-1.105967658,1.792407541,0.475995856,0.148988598,0.145292583
0.343343697,-1.423934635,-1.963034722,-1.052467485,1.834911073,0.472590995,0.1417529,0.142345378
0.303600614,-1.405978168,-2.008865671,-0.999156813,1.87995092,0.469251408,0.134655915,0.139011555
0.262181711,-1.392184675,-2.053354865,-0.945956657,1.927441008,0.465985047,0.127714544,0.135299053
0.219316873,-1.382902182,-2.096433537,-0.892770062,1.977239008,0.46279969,0.120945318,0.131216713
0.175295456,-1.378483332,-2.138018733,-0.839480364,2.029145909,0.459702925,0.114364357,0.126774257
0.130461206,-1.379278106,-2.178012186,-0.785951084,2.082909806,0.456702126,0.107987334,0.121982264
0.085202784,-1.385625491,-2.21629904,-0.732028158,2.138234103,0.453804438,0.101829434,0.116852147
0.039940455,-1.397843952,-2.252746547,-0.677545178,2.194789729,0.451016763,0.095905324,0.111396122
-0.004889841,-1.416220375,-2.287202928,-0.622332184,2.252230282,0.44834574,0.09022911,0.105627183
-0.048853411,-1.440997016,-2.319496669,-0.566228211,2.310208554,0.445797729,0.084814311,0.099559069
-0.09153293,-1.472356031,-2.349436583,-0.509097303,2.368392687,0.443378799,0.079673822,0.09320623
-0.132542172,-1.51040143,-2.376813041,-0.450846898,2.426480351,0.441094709,0.074819884,0.086583795
-0.17153626,-1.555139122,-2.401400753,-0.391446281,2.484209771,0.4389509,0.070264058,0.079707536
-0.20821789,-1.606456863,-2.42296343,-0.330941251,2.54136697,0.436952476,0.066017192,0.072593827
-0.242339642,-1.664107662,-2.441260301,-0.269458978,2.597789178,0.435104197,0.0620894,0.06525961
-0.273702864,-1.727701967,-2.456054011,-0.207194441,2.653364797,0.433410465,0.058490036,0.057722351
-0.22341268,-1.647350839,-2.509602,-0.097422387,2.56604491,0.426572776,0.066436376,0.06525961
-0.187132423,-1.580175222,-2.489461665,-0.181913344,2.508125863,0.428664036,0.070240363,0.072593827
-0.148369714,-1.521626819,-2.465425293,-0.262394078,2.449580674,0.430925179,0.074353367,0.079707536
-0.107452041,-1.471781526,-2.437915607,-0.339073055,2.390656765,0.433350821,0.078765593,0.086583795
-0.064758511,-1.430521824,-2.40731274,-0.412233979,2.331648168,0.435935184,0.083466533,0.09320623
-0.020712484,-1.397580915,-2.373953432,-0.482225828,2.272888887,0.438672116,0.088444993,0.099559069
0.024230402,-1.372586032,-2.338131643,-0.549438564,2.214741274,0.441555097,0.093689116,0.105627183
0.069598154,-1.355095274,-2.300100734,-0.614276472,2.157580449,0.444577262,0.099186414,0.111396122
0.114920889,-1.344626403,-2.260076766,-0.677135164,2.101776415,0.447731414,0.104923795,0.116852147
0.159749909,-1.340678273,-2.218242361,-0.738384626,2.047675891,0.451010041,0.110887596,0.121982264
0.203675258,-1.342746475,-2.174750648,-0.798358562,1.995585992,0.454405336,0.117063614,0.126774257
0.246339872,-1.350334817,-2.129728978,-0.857349263,1.945761572,0.457909212,0.123437141,0.131216713
0.28744905,-1.362963881,-2.083282197,-0.915606821,1.89839734,0.461513326,0.129993,0.135299053
0.326774762,-1.380177511,-2.035495381,-0.973341428,1.853625093,0.465209094,0.136715577,0.139011555
0.364155102,-1.401547673,-1.986436029,-1.030727605,1.811515612,0.468987715,0.143588863,0.142345378
0.399489784,-1.426677958,-1.936155704,-1.087909448,1.77208422,0.472840191,0.15059649,0.145292583
0.432732882,-1.455205875,-1.884691182,-1.145006172,1.735298761,0.476757346,0.15772177,0.147846151
0.503980715,-1.532485081,-1.754256844,-1.316819269,1.637839006,0.480729853,0.164947733,0.15
0.553592977,-1.610825648,-1.642711428,-1.458851904,1.570796327,0.483941544,0.170789777,0.15
0.560065419,-1.622794507,-1.630142333,-1.459452141,1.570796327,0.487153235,0.176631822,0.15
0.566399449,-1.634839278,-1.617336115,-1.460213587,1.570796327,0.490364927,0.182473866,0.15
0.572598699,-1.646959401,-1.604290549,-1.461139031,1.570796327,0.493576618,0.188315911,0.15
0.578666708,-1.659154546,-1.591003202,-1.462231232,1.570796327,0.496788309,0.194157955,0.15
0.579386497,-1.658537762,-1.591679101,-1.462172118,1.570796327,0.496427821,0.194371147,0.15
0.574049066,-1.645712753,-1.60563975,-1.461036477,1.570796327,0.492855643,0.188742294,0.15
0.568591179,-1.632949028,-1.619356302,-1.46008365,1.570796327,0.489283464,0.183113441,0.15
0.563009267,-1.620246261,-1.632831441,-1.459311278,1.570796327,0.485711285,0.177484589,0.15
0.557299649,-1.607604364,-1.646067615,-1.458717001,1.570796327,0.482139107,0.171855736,0.15
0.513452669,-1.524292976,-1.763168381,-1.311562429,1.629819349,0.478566928,0.166226883,0.15
0.44948222,-1.440252786,-1.900519364,-1.132004459,1.716871609,0.474148538,0.159264614,0.147846151
0.419351119,-1.408549104,-1.954875149,-1.071956574,1.75006868,0.469791712,0.152399355,0.145292583
0.3870715,-1.380087113,-2.008114927,-1.011515822,1.785899906,0.465506826,0.145647455,0.142345378
0.352622855,-1.355259761,-2.060210479,-0.950507111,1.824459827,0.461304084,0.139024993,0.139011555
0.316030658,-1.334512693,-2.11111703,-0.888719523,1.865805289,0.457193495,0.132547741,0.135299053
0.277376937,-1.318346608,-2.16077156,-0.825897384,1.909944563,0.453184847,0.126231123,0.131216713
0.236809684,-1.307318848,-2.209090319,-0.761730651,1.956827212,0.449287688,0.120090182,0.126774257
0.194549627,-1.302043891,-2.25596538,-0.695845228,2.006336114,0.445511297,0.114139543,0.121982264
0.150892842,-1.303192211,-2.301260036,-0.627794353,2.058283218,0.44186467,0.108393378,0.116852147
0.106207897,-1.311486543,-2.344802866,-0.557052757,2.112410373,0.438356489,0.102865369,0.111396122
0.060926896,-1.327693812,-2.386380283,-0.483016152,2.16839604,0.434995109,0.097568682,0.105627183
0.015530659,-1.352609726,-2.425727523,-0.405009439,2.225867749,0.431788535,0.092515931,0.099559069
-0.029470636,-1.387031389,-2.462518198,-0.322307938,2.284419118,0.428744405,0.087719148,0.09320623
0.106382805,-1.28112803,-2.431715758,-0.424890734,2.112194995,0.428691665,0.101852498,0.105627183
0.150674677,-1.26684197,-2.386609184,-0.507336944,2.05854358,0.432378994,0.10692767,0.111396122
0.193769699,-1.261321158,-2.339610951,-0.585158882,2.007255257,0.436227359,0.11222449,0.116852147
0.23529285,-1.263486772,-2.290959347,-0.659229038,1.958590491,0.440227596,0.117730343,0.121982264
0.274954325,-1.272375784,-2.240837401,-0.730283921,1.912726227,0.444370178,0.123432119,0.126774257
0.312549761,-1.287138455,-2.189384864,-0.79893474,1.869758481,0.44864524,0.129316237,0.131216713
0.347954469,-1.307031204,-2.136707166,-0.865683436,1.829710268,0.453042601,0.135368685,0.135299053
0.381113493,-1.331407742,-2.082881977,-0.930940112,1.792542987,0.457551789,0.14157505,0.139011555
0.412029466,-1.359709801,-2.027963899,-0.99503972,1.758169367,0.462162066,0.147920552,0.142345378
0.44074993,-1.391458126,-1.971987724,-1.058256993,1.726466393,0.466862452,0.154390079,0.145292583
0.467355364,-1.426243994,-1.91497057,-1.120819293,1.697287086,0.471641754,0.160968223,0.147846151
0.523368439,-1.516716498,-1.771289183,-1.307049785,1.621442891,0.47648859,0.16763932,0.15
0.56113704,-1.60464363,-1.64914237,-1.45860298,1.570796327,0.480407158,0.173032767,0.15
0.566052645,-1.617905662,-1.635295197,-1.459188122,1.570796327,0.484325727,0.178426213,0.15
0.57085394,-1.631213872,-1.621207315,-1.459967794,1.570796327,0.488244295,0.18381966,0.15
0.575544486,-1.644569046,-1.606876058,-1.460943877,1.570796327,0.492162863,0.189213107,0.15
0.580127712,-1.657972209,-1.592298495,-1.462118277,1.570796327,0.496081432,0.194606553,0.15
0.580887353,-1.657460193,-1.592858956,-1.462069831,1.570796327,0.495750507,0.194863245,0.15
0.577078748,-1.643533102,-1.607994651,-1.460861228,1.570796327,0.491501013,0.18972649,0.15
0.573178106,-1.629641378,-1.622881974,-1.459865628,1.570796327,0.48725152,0.184589735,0.15
0.569182293,-1.615783284,-1.637524091,-1.459081605,1.570796327,0.483002027,0.17945298,0.15
0.565088046,-1.601957311,-1.651923879,-1.458507791,1.570796327,0.478752534,0.174316225,0.15
0.533677412,-1.509799733,-1.778585655,-1.30330353,1.61275461,0.47450304,0.16917947,0.15
0.486257975,-1.413280258,-1.927978273,-1.111539854,1.676661116,0.469246887,0.162825872,0.147846151
0.463579404,-1.375538737,-1.987409607,-1.046939847,1.701416214,0.464063971,0.156560803,0.145292583
0.438920355,-1.340585786,-2.045879131,-0.981483138,1.728478404,0.458966635,0.150399182,0.142345378
0.412154176,-1.308828197,-2.103383198,-0.91489833,1.758030246,0.453967018,0.144355684,0.139011555
0.383171326,-1.280757896,-2.159900254,-0.846855628,1.790245967,0.449077027,0.1384447,0.135299053
0.351890318,-1.256967296,-2.215388482,-0.776949689,1.825281168,0.444308307,0.132680307,0.131216713
0.318270903,-1.238167486,-2.269782061,-0.704678552,1.863259946,0.439672214,0.127076233,0.126774257
0.282328963,-1.225209468,-2.322985546,-0.629418286,1.90425981,0.435179788,0.121645824,0.121982264
0.36677629,-1.205036915,-2.295705839,-0.685518349,1.80857414,0.435212335,0.131008145,0.126774257
0.395307307,-1.228153978,-2.238599735,-0.760376864,1.776728703,0.440191163,0.136310057,0.131216713
0.42153488,-1.255971688,-2.180545672,-0.832546225,1.747652024,0.445312423,0.141763645,0.135299053
0.44558047,-1.287751003,-2.121591472,-0.902601043,1.721153966,0.450563918,0.14735592,0.139011555
0.467585215,-1.322896527,-2.061761872,-0.970999618,1.697034081,0.455933144,0.153073565,0.142345378
0.487699416,-1.360928791,-2.00106227,-1.038111503,1.675091332,0.461407313,0.158902962,0.145292583
0.506074874,-1.401462456,-1.939480942,-1.104238887,1.655130818,0.466973389,0.164830231,0.147846151
0.5443239,-1.503584306,-1.785027443,-1.300340979,1.603803527,0.472618116,0.170841255,0.15
0.569134737,-1.599558102,-1.654401455,-1.458429423,1.570796327,0.477181763,0.175701046,0.15
0.572384385,-1.613888786,-1.639509527,-1.458990668,1.570796327,0.481745411,0.180560837,0.15
0.575553685,-1.628238443,-1.624373789,-1.459776749,1.570796327,0.486309058,0.185420627,0.15
0.57864544,-1.6426093,-1.608991171,-1.460788509,1.570796327,0.490872705,0.190280418,0.15
0.581662332,-1.657003804,-1.593358288,-1.462026889,1.570796327,0.495436353,0.195140209,0.15
0.582449493,-1.656604908,-1.593794532,-1.461989541,1.570796327,0.495140209,0.195436353,0.15
0.580237975,-1.641801558,-1.609861736,-1.460725686,1.570796327,0.490280418,0.190872705,0.15
0.577970377,-1.627011243,-1.625676979,-1.459700758,1.570796327,0.485420627,0.186309058,0.15
0.575644604,-1.612230842,-1.641243847,-1.458914292,1.570796327,0.480560837,0.181745411,0.15
0.573258462,-1.597457434,-1.656565588,-1.458365958,1.570796327,0.475701046,0.177181763,0.15
0.555247598,-1.498108851,-1.790587643,-1.298174336,1.594642238,0.470841255,0.172618116,0.15
0.526670457,-1.39088979,-1.94942277,-1.098970713,1.63285344,0.464830231,0.166973389,0.147846151
0.512935927,-1.34776774,-2.012873574,-1.031851906,1.647698762,0.458902962,0.161407313,0.145292583
0.497811567,-1.306831752,-2.07551999,-0.963706126,1.664097594,0.453073565,0.155933144,0.142345378
0.481147337,-1.268426149,-2.137390223,-0.894218572,1.682229282,0.44735592,0.150563918,0.139011555
0.462782963,-1.232990737,-2.19849713,-0.823002185,1.702289089,0.441763645,0.145312423,0.135299053
0.442551188,-1.201087126,-2.258836561,-0.749572837,1.724485908,0.436310057,0.140191163,0.131216713
0.420283258,-1.173434129,-2.318384245,-0.673316012,1.749037744,0.431008145,0.135212335,0.126774257
0.478340188,-1.143922475,-2.337591771,-0.668453118,1.685294931,0.427076233,0.139672214,0.126774257
0.493183245,-1.176220444,-2.275921846,-0.74479007,1.669130802,0.432680307,0.144308307,0.131216713
0.506523841,-1.212166767,-2.213616071,-0.818391037,1.65464789,0.4384447,0.149077027,0.135299053
0.518524451,-1.251118031,-2.150671475,-0.889862531,1.641655605,0.444355684,0.153967018,0.139011555
0.529332917,-1.292584874,-2.087069716,-0.959677428,1.629982737,0.450399182,0.158966635,0.142345378
0.539082032,-1.336193377,-2.022778924,-1.02821149,1.619477098,0.456560803,0.164063971,0.145292583
0.547890014,-1.3816577,-1.9577544,-1.095769602,1.61000437,0.462825872,0.169246887,0.147846151
0.566384184,-1.493408464,-1.795242994,-1.296810544,1.585326341,0.46917947,0.17450304,0.15
0.577439974,-1.595665392,-1.65840797,-1.458315618,1.570796327,0.474316225,0.178752534,0.15
0.578948229,-1.610817083,-1.642720367,-1.45885153,1.570796327,0.47945298,0.183002027,0.15
0.580417628,-1.625965205,-1.626786496,-1.45963728,1.570796327,0.484589735,0.18725152,0.15
0.58184963,-1.641113309,-1.610602955,-1.460672716,1.570796327,0.48972649,0.191501013,0.15
0.583245623,-1.656265137,-1.594165978,-1.461957865,1.570796327,0.494863245,0.195750507,0.15
0.584047464,-1.655985882,-1.594471173,-1.461931925,1.570796327,0.494606553,0.196081432,0.15
0.583473572,-1.640547484,-1.611211942,-1.460629554,1.570796327,0.489213107,0.192162863,0.15
0.58288469,-1.625104967,-1.627698045,-1.459585968,1.570796327,0.48381966,0.188244295,0.15
0.582280226,-1.609654052,-1.643933397,-1.458801531,1.570796327,0.478426213,0.184325727,0.15
0.581659557,-1.594190631,-1.659921532,-1.458276817,1.570796327,0.473032767,0.180407158,0.15
0.577666034,-1.489514183,-1.798974056,-1.296251227,1.575913752,0.46763932,0.17648859,0.15
0.569561999,-1.373855534,-1.964433643,-1.094648643,1.586774183,0.460968223,0.171641754,0.147846151
0.565900924,-1.326337959,-2.030722448,-1.027208867,1.590692304,0.454390079,0.166862452,0.145292583
0.561831756,-1.280346953,-2.096337517,-0.95894161,1.595050744,0.447920552,0.162162066,0.142345378
0.557297395,-1.23609682,-2.161338699,-0.889577471,1.599911847,0.44157505,0.157551789,0.139011555
0.552231407,-1.19387398,-2.225775854,-0.818785883,1.605348355,0.435368685,0.153042601,0.135299053
0.546556501,-1.154060882,-2.289689332,-0.7461509,1.611445165,0.429316237,0.14864524,0.131216713
0.601817505,-1.135145837,-2.299990977,-0.753624543,1.552402573,0.426231123,0.153184847,0.131216713
0.59925329,-1.178492201,-2.234866567,-0.824153457,1.555125201,0.432547741,0.157193495,0.135299053
0.596976267,-1.223627053,-2.16930988,-0.893334899,1.557544056,0.439024993,0.161304084,0.139011555
0.594946554,-1.270299463,-2.103261998,-0.961477215,1.559701139,0.445647455,0.165506826,0.142345378
0.593130866,-1.318323858,-2.036658157,-1.028829527,1.56163155,0.452399355,0.169791712,0.145292583
0.591501268,-1.367564091,-1.969426151,-1.095599197,1.563364777,0.459264614,0.174148538,0.147846151
0.589023057,-1.486452491,-1.801765355,-1.296492724,1.566463948,0.466226883,0.178566928,0.15
0.585897167,-1.593040314,-1.661100469,-1.458248198,1.570796327,0.471855736,0.182139107,0.15
0.585625346,-1.608747151,-1.644878264,-1.458763566,1.570796327,0.477484589,0.185711285,0.15
0.585360684,-1.624434357,-1.628408097,-1.459546527,1.570796327,0.483113441,0.189283464,0.15
0.585102901,-1.640106497,-1.611686327,-1.460596156,1.570796327,0.488742294,0.192855643,0.15
0.584851733,-1.65576829,-1.594708919,-1.461911771,1.570796327,0.494371147,0.196427821,0.15
0.585655135,-1.655613251,-1.594878286,-1.461897443,1.570796327,0.494157955,0.196788309,0.15
0.586730682,-1.639792232,-1.612024263,-1.460572485,1.570796327,0.488315911,0.193576618,0.15
0.58783466,-1.623956365,-1.628913903,-1.459518712,1.570796327,0.482473866,0.190364927,0.15
0.58896822,-1.608100605,-1.645551329,-1.458737047,1.570796327,0.476631822,0.187153235,0.15
0.590132575,-1.592220053,-1.661940257,-1.458228671,1.570796327,0.470789777,0.183941544,0.15
0.600383613,-1.484244866,-1.803605499,-1.297526221,1.557037146,0.464947733,0.180729853,0.15
0.613513165,-1.362853159,-1.972706015,-1.098590995,1.539984745,0.45772177,0.176757346,0.147846151
0.620492084,-1.312259019,-2.040550994,-1.033025737,1.532595279,0.45059649,0.172840191,0.145292583
0.628282783,-1.262606281,-2.107795728,-0.967212448,1.524358767,0.443588863,0.168987715,0.142345378
0.637012378,-1.213954098,-2.17452059,-0.901030706,1.515145182,0.436715577,0.165209094,0.139011555
0.646834523,-1.166384938,-2.240800127,-0.834347414,1.504798016,0.429993,0.161513326,0.135299053
0.694156616,-1.15787422,-2.243515173,-0.849109037,1.455226797,0.427714544,0.165985047,0.135299053
0.676822403,-1.207289639,-2.176926813,-0.91248689,1.473328041,0.434655915,0.169251408,0.139011555
0.661427415,-1.257405536,-2.109906851,-0.976026807,1.489457752,0.4417529,0.172590995,0.142345378
0.647695218,-1.308232528,-2.042377746,-1.039717754,1.503887947,0.448988598,0.175995856,0.145292583
0.635398284,-1.359779191,-1.974256255,-1.103572938,1.516844201,0.456345778,0.179457882,0.147846151
0.611675493,-1.482907405,-1.804487267,-1.299337978,1.547693449,0.463806918,0.182968828,0.15
0.594345514,-1.591733861,-1.662437676,-1.458217443,1.570796327,0.469839098,0.185807357,0.15
0.592293463,-1.607717435,-1.64595,-1.458721545,1.570796327,0.475871279,0.188645886,0.15
0.590295665,-1.623673125,-1.629213507,-1.459502348,1.570796327,0.481903459,0.191484414,0.15
0.588349978,-1.639606035,-1.612224435,-1.46055851,1.570796327,0.487935639,0.194322943,0.15
0.586454374,-1.655521404,-1.59497861,-1.461888967,1.570796327,0.49396782,0.197161471,0.15
